<?xml version="1.0" encoding="UTF-8"?>

<link:linkbase xmlns:link="http://www.xbrl.org/2003/linkbase" xmlns:xlink="http://www.w3.org/1999/xlink">
  <link:roleRef roleURI="https://www.vanoord.com/role/DocumentAndEntityInformation" xlink:type="simple" xlink:href="24355843-2022-12-31.xsd#DocumentAndEntityInformation"/>
  <link:roleRef roleURI="https://www.vanoord.com/role/ConsolidatedBalanceSheet" xlink:type="simple" xlink:href="24355843-2022-12-31.xsd#ConsolidatedBalanceSheet"/>
  <link:roleRef roleURI="https://www.vanoord.com/role/ConsolidatedProfitAndLossAccount" xlink:type="simple" xlink:href="24355843-2022-12-31.xsd#ConsolidatedProfitAndLossAccount"/>
  <link:roleRef roleURI="https://www.vanoord.com/role/ConsolidatedStatementOfChangesInEquity" xlink:type="simple" xlink:href="24355843-2022-12-31.xsd#ConsolidatedStatementOfChangesInEquity"/>
  <link:roleRef roleURI="https://www.vanoord.com/role/ConsolidatedCashFlowStatement" xlink:type="simple" xlink:href="24355843-2022-12-31.xsd#ConsolidatedCashFlowStatement"/>
  <link:roleRef roleURI="https://www.vanoord.com/role/NotesToTheConsolidatedBalanceSheet" xlink:type="simple" xlink:href="24355843-2022-12-31.xsd#NotesToTheConsolidatedBalanceSheet"/>
  <link:roleRef roleURI="https://www.vanoord.com/role/NotesToTheConsolidatedFinancialStatements" xlink:type="simple" xlink:href="24355843-2022-12-31.xsd#NotesToTheConsolidatedFinancialStatements"/>
  <link:roleRef roleURI="https://www.vanoord.com/role/NotesToTheProfitAndLossAccount" xlink:type="simple" xlink:href="24355843-2022-12-31.xsd#NotesToTheConsolidatedProfitAndLossAccount"/>
  <link:presentationLink xlink:type="extended" xlink:role="https://www.vanoord.com/role/DocumentAndEntityInformation">
    <link:loc xlink:type="locator" xlink:href="https://www.nltaxonomie.nl/kvk/taxonomy/2025-01-01/kvk_cor.xsd#kvk_DocumentAndEntityInformationAbstract" xlink:label="jenv-bw2_DocumentAndEntityInformationAbstract_loc"/>
    <link:loc xlink:type="locator" xlink:href="https://www.nltaxonomie.nl/jenv/taxonomy/2025-01-01/jenv-bw2_cor.xsd#jenv-bw2_FinancialReportingPeriodCurrentEndDate" xlink:label="jenv-bw2_FinancialReportingPeriodCurrentEndDate_loc"/>
    <link:presentationArc xlink:type="arc" xlink:arcrole="http://www.xbrl.org/2003/arcrole/parent-child" xlink:from="jenv-bw2_DocumentAndEntityInformationAbstract_loc" xlink:to="jenv-bw2_FinancialReportingPeriodCurrentEndDate_loc" order="5.0"/>
    <link:loc xlink:type="locator" xlink:href="https://www.nltaxonomie.nl/kvk/taxonomy/2025-01-01/kvk_cor.xsd#kvk_TitleOfTheDocument" xlink:label="kvk_TitleOfTheDocument_loc"/>
    <link:presentationArc xlink:type="arc" xlink:arcrole="http://www.xbrl.org/2003/arcrole/parent-child" xlink:from="jenv-bw2_DocumentAndEntityInformationAbstract_loc" xlink:to="kvk_TitleOfTheDocument_loc" order="1.0"/>
    <link:loc xlink:type="locator" xlink:href="https://www.nltaxonomie.nl/jenv/taxonomy/2025-01-01/jenv-bw2_cor.xsd#jenv-bw2_LegalEntityRegisteredOffice" xlink:label="jenv-bw2_LegalEntityRegisteredOffice_loc"/>
    <link:presentationArc xlink:type="arc" xlink:arcrole="http://www.xbrl.org/2003/arcrole/parent-child" xlink:from="jenv-bw2_DocumentAndEntityInformationAbstract_loc" xlink:to="jenv-bw2_LegalEntityRegisteredOffice_loc" order="3.0"/>
    <link:loc xlink:type="locator" xlink:href="https://www.nltaxonomie.nl/jenv/taxonomy/2025-01-01/jenv-bw2_cor.xsd#jenv-bw2_LegalEntityName" xlink:label="jenv-bw2_LegalEntityName_loc"/>
    <link:presentationArc xlink:type="arc" xlink:arcrole="http://www.xbrl.org/2003/arcrole/parent-child" xlink:from="jenv-bw2_DocumentAndEntityInformationAbstract_loc" xlink:to="jenv-bw2_LegalEntityName_loc" order="2.0"/>
    <link:loc xlink:type="locator" xlink:href="https://www.nltaxonomie.nl/jenv/taxonomy/2025-01-01/jenv-bw2_cor.xsd#jenv-bw2_ChamberOfCommerceRegistrationNumber" xlink:label="jenv-bw2_ChamberOfCommerceRegistrationNumber_loc"/>
    <link:presentationArc xlink:type="arc" xlink:arcrole="http://www.xbrl.org/2003/arcrole/parent-child" xlink:from="jenv-bw2_DocumentAndEntityInformationAbstract_loc" xlink:to="jenv-bw2_ChamberOfCommerceRegistrationNumber_loc" order="4.0"/>
  </link:presentationLink>
  <link:presentationLink xlink:type="extended" xlink:role="https://www.vanoord.com/role/NotesToTheConsolidatedFinancialStatements">
    <link:loc xlink:type="locator" xlink:href="https://www.nltaxonomie.nl/kvk/taxonomy/2025-01-01/kvk_cor.xsd#kvk_NotesToTheConsolidatedFinancialStatementsAbstract" xlink:label="jenv-bw2_NotesToTheConsolidatedFinancialStatementsAbstract_loc"/>
    <link:loc xlink:type="locator" xlink:href="https://www.nltaxonomie.nl/rj/taxonomy/2025-01-01/rj_cor.xsd#rj_FunctionalCurrencyDescription" xlink:label="rj_FunctionalCurrencyDescription_loc"/>
    <link:presentationArc xlink:type="arc" xlink:arcrole="http://www.xbrl.org/2003/arcrole/parent-child" xlink:from="jenv-bw2_NotesToTheConsolidatedFinancialStatementsAbstract_loc" xlink:to="rj_FunctionalCurrencyDescription_loc" order="3.0"/>
    <link:loc xlink:type="locator" xlink:href="https://www.nltaxonomie.nl/jenv/taxonomy/2025-01-01/jenv-bw2_cor.xsd#jenv-bw2_ConsolidationDisclosure" xlink:label="jenv-bw2_ConsolidationDisclosure_loc"/>
    <link:presentationArc xlink:type="arc" xlink:arcrole="http://www.xbrl.org/2003/arcrole/parent-child" xlink:from="jenv-bw2_NotesToTheConsolidatedFinancialStatementsAbstract_loc" xlink:to="jenv-bw2_ConsolidationDisclosure_loc" order="4.0"/>
    <link:loc xlink:type="locator" xlink:href="https://www.nltaxonomie.nl/rj/taxonomy/2025-01-01/rj_cor.xsd#rj_MergersAcquisitionsDisclosure" xlink:label="rj_MergersAcquisitionsDisclosure_loc"/>
    <link:presentationArc xlink:type="arc" xlink:arcrole="http://www.xbrl.org/2003/arcrole/parent-child" xlink:from="jenv-bw2_NotesToTheConsolidatedFinancialStatementsAbstract_loc" xlink:to="rj_MergersAcquisitionsDisclosure_loc" order="5.0"/>
    <link:loc xlink:type="locator" xlink:href="https://www.nltaxonomie.nl/jenv/taxonomy/2025-01-01/jenv-bw2_cor.xsd#jenv-bw2_GroupStructureDisclosure" xlink:label="jenv-bw2_GroupStructureDisclosure_loc"/>
    <link:presentationArc xlink:type="arc" xlink:arcrole="http://www.xbrl.org/2003/arcrole/parent-child" xlink:from="jenv-bw2_NotesToTheConsolidatedFinancialStatementsAbstract_loc" xlink:to="jenv-bw2_GroupStructureDisclosure_loc" order="6.0"/>
    <link:loc xlink:type="locator" xlink:href="https://www.nltaxonomie.nl/jenv/taxonomy/2025-01-01/jenv-bw2_cor.xsd#jenv-bw2_ForeignCurrencyTranslationPolicy" xlink:label="jenv-bw2_ForeignCurrencyTranslationPolicy_loc"/>
    <link:presentationArc xlink:type="arc" xlink:arcrole="http://www.xbrl.org/2003/arcrole/parent-child" xlink:from="jenv-bw2_NotesToTheConsolidatedFinancialStatementsAbstract_loc" xlink:to="jenv-bw2_ForeignCurrencyTranslationPolicy_loc" order="7.0"/>
    <link:loc xlink:type="locator" xlink:href="https://www.nltaxonomie.nl/rj/taxonomy/2025-01-01/rj_cor.xsd#rj_AccountingStandardsAppliedEarlierDescription" xlink:label="rj_AccountingStandardsAppliedEarlierDescription_loc"/>
    <link:presentationArc xlink:type="arc" xlink:arcrole="http://www.xbrl.org/2003/arcrole/parent-child" xlink:from="jenv-bw2_NotesToTheConsolidatedFinancialStatementsAbstract_loc" xlink:to="rj_AccountingStandardsAppliedEarlierDescription_loc" order="8.0"/>
    <link:loc xlink:type="locator" xlink:href="https://www.nltaxonomie.nl/rj/taxonomy/2025-01-01/rj_cor.xsd#rj_EstimatesDisclosure" xlink:label="rj_EstimatesDisclosure_loc"/>
    <link:presentationArc xlink:type="arc" xlink:arcrole="http://www.xbrl.org/2003/arcrole/parent-child" xlink:from="jenv-bw2_NotesToTheConsolidatedFinancialStatementsAbstract_loc" xlink:to="rj_EstimatesDisclosure_loc" order="9.0"/>
    <link:loc xlink:type="locator" xlink:href="https://www.nltaxonomie.nl/rj/taxonomy/2025-01-01/rj_cor.xsd#rj_FinancialInstrumentsPolicy" xlink:label="rj_FinancialInstrumentsPolicy_loc"/>
    <link:presentationArc xlink:type="arc" xlink:arcrole="http://www.xbrl.org/2003/arcrole/parent-child" xlink:from="jenv-bw2_NotesToTheConsolidatedFinancialStatementsAbstract_loc" xlink:to="rj_FinancialInstrumentsPolicy_loc" order="10.0"/>
    <link:loc xlink:type="locator" xlink:href="https://www.nltaxonomie.nl/jenv/taxonomy/2025-01-01/jenv-bw2_cor.xsd#jenv-bw2_IntangibleAssetsPolicy" xlink:label="jenv-bw2_IntangibleAssetsPolicy_loc"/>
    <link:presentationArc xlink:type="arc" xlink:arcrole="http://www.xbrl.org/2003/arcrole/parent-child" xlink:from="jenv-bw2_NotesToTheConsolidatedFinancialStatementsAbstract_loc" xlink:to="jenv-bw2_IntangibleAssetsPolicy_loc" order="11.0"/>
    <link:loc xlink:type="locator" xlink:href="https://www.nltaxonomie.nl/jenv/taxonomy/2025-01-01/jenv-bw2_cor.xsd#jenv-bw2_PropertyPlantEquipmentPolicy" xlink:label="jenv-bw2_PropertyPlantEquipmentPolicy_loc"/>
    <link:presentationArc xlink:type="arc" xlink:arcrole="http://www.xbrl.org/2003/arcrole/parent-child" xlink:from="jenv-bw2_NotesToTheConsolidatedFinancialStatementsAbstract_loc" xlink:to="jenv-bw2_PropertyPlantEquipmentPolicy_loc" order="12.0"/>
    <link:loc xlink:type="locator" xlink:href="https://www.nltaxonomie.nl/rj/taxonomy/2025-01-01/rj_cor.xsd#rj_DeferredTaxAssetsPolicy" xlink:label="rj_DeferredTaxAssetsPolicy_loc"/>
    <link:presentationArc xlink:type="arc" xlink:arcrole="http://www.xbrl.org/2003/arcrole/parent-child" xlink:from="jenv-bw2_NotesToTheConsolidatedFinancialStatementsAbstract_loc" xlink:to="rj_DeferredTaxAssetsPolicy_loc" order="14.0"/>
    <link:loc xlink:type="locator" xlink:href="https://www.nltaxonomie.nl/jenv/taxonomy/2025-01-01/jenv-bw2_cor.xsd#jenv-bw2_InventoriesPolicy" xlink:label="jenv-bw2_InventoriesPolicy_loc"/>
    <link:presentationArc xlink:type="arc" xlink:arcrole="http://www.xbrl.org/2003/arcrole/parent-child" xlink:from="jenv-bw2_NotesToTheConsolidatedFinancialStatementsAbstract_loc" xlink:to="jenv-bw2_InventoriesPolicy_loc" order="15.0"/>
    <link:loc xlink:type="locator" xlink:href="https://www.nltaxonomie.nl/jenv/taxonomy/2025-01-01/jenv-bw2_cor.xsd#jenv-bw2_ReceivablesPolicy" xlink:label="jenv-bw2_ReceivablesPolicy_loc"/>
    <link:presentationArc xlink:type="arc" xlink:arcrole="http://www.xbrl.org/2003/arcrole/parent-child" xlink:from="jenv-bw2_NotesToTheConsolidatedFinancialStatementsAbstract_loc" xlink:to="jenv-bw2_ReceivablesPolicy_loc" order="16.0"/>
    <link:loc xlink:type="locator" xlink:href="https://www.nltaxonomie.nl/jenv/taxonomy/2025-01-01/jenv-bw2_cor.xsd#jenv-bw2_CashAndCashEquivalentsPolicy" xlink:label="jenv-bw2_CashAndCashEquivalentsPolicy_loc"/>
    <link:presentationArc xlink:type="arc" xlink:arcrole="http://www.xbrl.org/2003/arcrole/parent-child" xlink:from="jenv-bw2_NotesToTheConsolidatedFinancialStatementsAbstract_loc" xlink:to="jenv-bw2_CashAndCashEquivalentsPolicy_loc" order="17.0"/>
    <link:loc xlink:type="locator" xlink:href="https://www.nltaxonomie.nl/jenv/taxonomy/2025-01-01/jenv-bw2_cor.xsd#jenv-bw2_ProvisionsPolicy" xlink:label="jenv-bw2_ProvisionsPolicy_loc"/>
    <link:presentationArc xlink:type="arc" xlink:arcrole="http://www.xbrl.org/2003/arcrole/parent-child" xlink:from="jenv-bw2_NotesToTheConsolidatedFinancialStatementsAbstract_loc" xlink:to="jenv-bw2_ProvisionsPolicy_loc" order="18.0"/>
    <link:loc xlink:type="locator" xlink:href="https://www.nltaxonomie.nl/jenv/taxonomy/2025-01-01/jenv-bw2_cor.xsd#jenv-bw2_LiabilitiesNoncurrentPolicy" xlink:label="jenv-bw2_LiabilitiesNoncurrentPolicy_loc"/>
    <link:presentationArc xlink:type="arc" xlink:arcrole="http://www.xbrl.org/2003/arcrole/parent-child" xlink:from="jenv-bw2_NotesToTheConsolidatedFinancialStatementsAbstract_loc" xlink:to="jenv-bw2_LiabilitiesNoncurrentPolicy_loc" order="19.0"/>
    <link:loc xlink:type="locator" xlink:href="https://www.nltaxonomie.nl/rj/taxonomy/2025-01-01/rj_cor.xsd#rj_ConstructionContractsLiabilitiesPolicy" xlink:label="rj_ConstructionContractsLiabilitiesPolicy_loc"/>
    <link:presentationArc xlink:type="arc" xlink:arcrole="http://www.xbrl.org/2003/arcrole/parent-child" xlink:from="jenv-bw2_NotesToTheConsolidatedFinancialStatementsAbstract_loc" xlink:to="rj_ConstructionContractsLiabilitiesPolicy_loc" order="20.0"/>
    <link:loc xlink:type="locator" xlink:href="https://www.nltaxonomie.nl/rj/taxonomy/2025-01-01/rj_cor.xsd#rj_LiabilitiesCurrentOtherPolicy" xlink:label="rj_LiabilitiesCurrentOtherPolicy_loc"/>
    <link:presentationArc xlink:type="arc" xlink:arcrole="http://www.xbrl.org/2003/arcrole/parent-child" xlink:from="jenv-bw2_NotesToTheConsolidatedFinancialStatementsAbstract_loc" xlink:to="rj_LiabilitiesCurrentOtherPolicy_loc" order="21.0"/>
    <link:loc xlink:type="locator" xlink:href="https://www.nltaxonomie.nl/rj/taxonomy/2025-01-01/rj_cor.xsd#rj_PensionArrangementsPolicy" xlink:label="rj_PensionArrangementsPolicy_loc"/>
    <link:presentationArc xlink:type="arc" xlink:arcrole="http://www.xbrl.org/2003/arcrole/parent-child" xlink:from="jenv-bw2_NotesToTheConsolidatedFinancialStatementsAbstract_loc" xlink:to="rj_PensionArrangementsPolicy_loc" order="22.0"/>
    <link:loc xlink:type="locator" xlink:href="https://www.nltaxonomie.nl/rj/taxonomy/2025-01-01/rj_cor.xsd#rj_FinancialInstrumentsHedgeAccountingPolicy" xlink:label="rj_FinancialInstrumentsHedgeAccountingPolicy_loc"/>
    <link:presentationArc xlink:type="arc" xlink:arcrole="http://www.xbrl.org/2003/arcrole/parent-child" xlink:from="jenv-bw2_NotesToTheConsolidatedFinancialStatementsAbstract_loc" xlink:to="rj_FinancialInstrumentsHedgeAccountingPolicy_loc" order="23.0"/>
    <link:loc xlink:type="locator" xlink:href="https://www.nltaxonomie.nl/rj/taxonomy/2025-01-01/rj_cor.xsd#rj_RevenueRecognitionPolicy" xlink:label="rj_RevenueRecognitionPolicy_loc"/>
    <link:presentationArc xlink:type="arc" xlink:arcrole="http://www.xbrl.org/2003/arcrole/parent-child" xlink:from="jenv-bw2_NotesToTheConsolidatedFinancialStatementsAbstract_loc" xlink:to="rj_RevenueRecognitionPolicy_loc" order="24.0"/>
    <link:loc xlink:type="locator" xlink:href="https://www.nltaxonomie.nl/jenv/taxonomy/2025-01-01/jenv-bw2_cor.xsd#jenv-bw2_ExpensesPolicy" xlink:label="jenv-bw2_ExpensesPolicy_loc"/>
    <link:presentationArc xlink:type="arc" xlink:arcrole="http://www.xbrl.org/2003/arcrole/parent-child" xlink:from="jenv-bw2_NotesToTheConsolidatedFinancialStatementsAbstract_loc" xlink:to="jenv-bw2_ExpensesPolicy_loc" order="25.0"/>
    <link:loc xlink:type="locator" xlink:href="https://www.nltaxonomie.nl/jenv/taxonomy/2025-01-01/jenv-bw2_cor.xsd#jenv-bw2_EmployeeBenefitsExpensesPolicy" xlink:label="jenv-bw2_EmployeeBenefitsExpensesPolicy_loc"/>
    <link:presentationArc xlink:type="arc" xlink:arcrole="http://www.xbrl.org/2003/arcrole/parent-child" xlink:from="jenv-bw2_NotesToTheConsolidatedFinancialStatementsAbstract_loc" xlink:to="jenv-bw2_EmployeeBenefitsExpensesPolicy_loc" order="26.0"/>
    <link:loc xlink:type="locator" xlink:href="https://www.nltaxonomie.nl/jenv/taxonomy/2025-01-01/jenv-bw2_cor.xsd#jenv-bw2_ShareInResultsParticipatingInterestsPolicy" xlink:label="jenv-bw2_ShareInResultsParticipatingInterestsPolicy_loc"/>
    <link:presentationArc xlink:type="arc" xlink:arcrole="http://www.xbrl.org/2003/arcrole/parent-child" xlink:from="jenv-bw2_NotesToTheConsolidatedFinancialStatementsAbstract_loc" xlink:to="jenv-bw2_ShareInResultsParticipatingInterestsPolicy_loc" order="27.0"/>
    <link:loc xlink:type="locator" xlink:href="https://www.nltaxonomie.nl/jenv/taxonomy/2025-01-01/jenv-bw2_cor.xsd#jenv-bw2_IncomeTaxExpensePolicy" xlink:label="jenv-bw2_IncomeTaxExpensePolicy_loc"/>
    <link:presentationArc xlink:type="arc" xlink:arcrole="http://www.xbrl.org/2003/arcrole/parent-child" xlink:from="jenv-bw2_NotesToTheConsolidatedFinancialStatementsAbstract_loc" xlink:to="jenv-bw2_IncomeTaxExpensePolicy_loc" order="28.0"/>
    <link:loc xlink:type="locator" xlink:href="https://www.nltaxonomie.nl/rj/taxonomy/2025-01-01/rj_cor.xsd#rj_CashFlowStatementPolicy" xlink:label="rj_CashFlowStatementPolicy_loc"/>
    <link:presentationArc xlink:type="arc" xlink:arcrole="http://www.xbrl.org/2003/arcrole/parent-child" xlink:from="jenv-bw2_NotesToTheConsolidatedFinancialStatementsAbstract_loc" xlink:to="rj_CashFlowStatementPolicy_loc" order="29.0"/>
    <link:loc xlink:type="locator" xlink:href="24355843-2022-12-31.xsd#vanoord_FinancialReportingPeriodDisclosure" xlink:label="vanoord_FinancialReportingPeriodDisclosure_loc"/>
    <link:presentationArc xlink:type="arc" xlink:arcrole="http://www.xbrl.org/2003/arcrole/parent-child" xlink:from="jenv-bw2_NotesToTheConsolidatedFinancialStatementsAbstract_loc" xlink:to="vanoord_FinancialReportingPeriodDisclosure_loc" order="2.0"/>
    <link:loc xlink:type="locator" xlink:href="https://www.nltaxonomie.nl/jenv/taxonomy/2025-01-01/jenv-bw2_cor.xsd#jenv-bw2_AccountingStandardsUsedToPrepareFinancialStatementsDescription" xlink:label="jenv-bw2_AccountingStandardsUsedToPrepareFinancialStatementsDescription_loc"/>
    <link:presentationArc xlink:type="arc" xlink:arcrole="http://www.xbrl.org/2003/arcrole/parent-child" xlink:from="jenv-bw2_NotesToTheConsolidatedFinancialStatementsAbstract_loc" xlink:to="jenv-bw2_AccountingStandardsUsedToPrepareFinancialStatementsDescription_loc" order="1.0"/>
    <link:loc xlink:type="locator" xlink:href="https://www.nltaxonomie.nl/jenv/taxonomy/2025-01-01/jenv-bw2_cor.xsd#jenv-bw2_FinancialAssetsPolicy" xlink:label="jenv-bw2_FinancialAssetsPolicy_loc"/>
    <link:presentationArc xlink:type="arc" xlink:arcrole="http://www.xbrl.org/2003/arcrole/parent-child" xlink:from="jenv-bw2_NotesToTheConsolidatedFinancialStatementsAbstract_loc" xlink:to="jenv-bw2_FinancialAssetsPolicy_loc" order="13.0"/>
  </link:presentationLink>
  <link:presentationLink xlink:type="extended" xlink:role="https://www.vanoord.com/role/ConsolidatedProfitAndLossAccount">
    <link:loc xlink:type="locator" xlink:href="https://www.nltaxonomie.nl/kvk/taxonomy/2025-01-01/kvk_cor.xsd#kvk_ConsolidatedProfitAndLossAccountTitle" xlink:label="kvk_ConsolidatedProfitAndLossAccountTitle_loc"/>
    <link:loc xlink:type="locator" xlink:href="https://www.nltaxonomie.nl/jenv/taxonomy/2025-01-01/jenv-bw2_cor.xsd#jenv-bw2_NetRevenue" xlink:label="jenv-bw2_NetRevenue_loc"/>
    <link:presentationArc xlink:type="arc" xlink:arcrole="http://www.xbrl.org/2003/arcrole/parent-child" xlink:from="kvk_ConsolidatedProfitAndLossAccountTitle_loc" xlink:to="jenv-bw2_NetRevenue_loc" order="1.0"/>
    <link:loc xlink:type="locator" xlink:href="https://www.nltaxonomie.nl/jenv/taxonomy/2025-01-01/jenv-bw2_cor.xsd#jenv-bw2_Expenses" xlink:label="jenv-bw2_Expenses_loc"/>
    <link:presentationArc xlink:type="arc" xlink:arcrole="http://www.xbrl.org/2003/arcrole/parent-child" xlink:from="kvk_ConsolidatedProfitAndLossAccountTitle_loc" xlink:to="jenv-bw2_Expenses_loc" order="2.0" preferredLabel="http://www.xbrl.org/2003/role/verboseLabel"/>
    <link:loc xlink:type="locator" xlink:href="https://www.nltaxonomie.nl/jenv/taxonomy/2025-01-01/jenv-bw2_cor.xsd#jenv-bw2_DepreciationPropertyPlantEquipment" xlink:label="jenv-bw2_DepreciationPropertyPlantEquipment_loc"/>
    <link:presentationArc xlink:type="arc" xlink:arcrole="http://www.xbrl.org/2003/arcrole/parent-child" xlink:from="kvk_ConsolidatedProfitAndLossAccountTitle_loc" xlink:to="jenv-bw2_DepreciationPropertyPlantEquipment_loc" order="3.0" preferredLabel="http://www.xbrl.org/2003/role/verboseLabel"/>
    <link:loc xlink:type="locator" xlink:href="https://www.nltaxonomie.nl/jenv/taxonomy/2025-01-01/jenv-bw2_cor.xsd#jenv-bw2_AmortisationIntangibleAssets" xlink:label="jenv-bw2_AmortisationIntangibleAssets_loc"/>
    <link:presentationArc xlink:type="arc" xlink:arcrole="http://www.xbrl.org/2003/arcrole/parent-child" xlink:from="kvk_ConsolidatedProfitAndLossAccountTitle_loc" xlink:to="jenv-bw2_AmortisationIntangibleAssets_loc" order="4.0" preferredLabel="http://www.xbrl.org/2003/role/verboseLabel"/>
    <link:loc xlink:type="locator" xlink:href="24355843-2022-12-31.xsd#vanoord_CostOfWork" xlink:label="vanoord_CostOfWork_loc"/>
    <link:presentationArc xlink:type="arc" xlink:arcrole="http://www.xbrl.org/2003/arcrole/parent-child" xlink:from="kvk_ConsolidatedProfitAndLossAccountTitle_loc" xlink:to="vanoord_CostOfWork_loc" order="5.0" preferredLabel="http://www.xbrl.org/2003/role/totalLabel"/>
    <link:loc xlink:type="locator" xlink:href="24355843-2022-12-31.xsd#vanoord_GrossProfit" xlink:label="vanoord_GrossProfit_loc"/>
    <link:presentationArc xlink:type="arc" xlink:arcrole="http://www.xbrl.org/2003/arcrole/parent-child" xlink:from="kvk_ConsolidatedProfitAndLossAccountTitle_loc" xlink:to="vanoord_GrossProfit_loc" order="6.0" preferredLabel="http://www.xbrl.org/2003/role/label"/>
    <link:loc xlink:type="locator" xlink:href="https://www.nltaxonomie.nl/jenv/taxonomy/2025-01-01/jenv-bw2_cor.xsd#jenv-bw2_GeneralAdministrativeExpenses" xlink:label="jenv-bw2_GeneralAdministrativeExpenses_loc"/>
    <link:presentationArc xlink:type="arc" xlink:arcrole="http://www.xbrl.org/2003/arcrole/parent-child" xlink:from="kvk_ConsolidatedProfitAndLossAccountTitle_loc" xlink:to="jenv-bw2_GeneralAdministrativeExpenses_loc" order="7.0"/>
    <link:loc xlink:type="locator" xlink:href="https://www.nltaxonomie.nl/jenv/taxonomy/2025-01-01/jenv-bw2_cor.xsd#jenv-bw2_OperatingIncome" xlink:label="jenv-bw2_OperatingIncome_loc"/>
    <link:presentationArc xlink:type="arc" xlink:arcrole="http://www.xbrl.org/2003/arcrole/parent-child" xlink:from="kvk_ConsolidatedProfitAndLossAccountTitle_loc" xlink:to="jenv-bw2_OperatingIncome_loc" order="8.0"/>
    <link:loc xlink:type="locator" xlink:href="https://www.nltaxonomie.nl/rj/taxonomy/2025-01-01/rj_cor.xsd#rj_FinancialIncomeExpenses" xlink:label="rj_FinancialIncomeExpenses_loc"/>
    <link:presentationArc xlink:type="arc" xlink:arcrole="http://www.xbrl.org/2003/arcrole/parent-child" xlink:from="kvk_ConsolidatedProfitAndLossAccountTitle_loc" xlink:to="rj_FinancialIncomeExpenses_loc" order="9.0" preferredLabel="http://www.xbrl.org/2003/role/verboseLabel"/>
    <link:loc xlink:type="locator" xlink:href="https://www.nltaxonomie.nl/jenv/taxonomy/2025-01-01/jenv-bw2_cor.xsd#jenv-bw2_ResultBeforeTax" xlink:label="jenv-bw2_ResultBeforeTax_loc"/>
    <link:presentationArc xlink:type="arc" xlink:arcrole="http://www.xbrl.org/2003/arcrole/parent-child" xlink:from="kvk_ConsolidatedProfitAndLossAccountTitle_loc" xlink:to="jenv-bw2_ResultBeforeTax_loc" order="10.0"/>
    <link:loc xlink:type="locator" xlink:href="https://www.nltaxonomie.nl/jenv/taxonomy/2025-01-01/jenv-bw2_cor.xsd#jenv-bw2_IncomeTaxExpense" xlink:label="jenv-bw2_IncomeTaxExpense_loc"/>
    <link:presentationArc xlink:type="arc" xlink:arcrole="http://www.xbrl.org/2003/arcrole/parent-child" xlink:from="kvk_ConsolidatedProfitAndLossAccountTitle_loc" xlink:to="jenv-bw2_IncomeTaxExpense_loc" order="11.0"/>
    <link:loc xlink:type="locator" xlink:href="https://www.nltaxonomie.nl/jenv/taxonomy/2025-01-01/jenv-bw2_cor.xsd#jenv-bw2_ShareInResultsParticipatingInterests" xlink:label="jenv-bw2_ShareInResultsParticipatingInterests_loc"/>
    <link:presentationArc xlink:type="arc" xlink:arcrole="http://www.xbrl.org/2003/arcrole/parent-child" xlink:from="kvk_ConsolidatedProfitAndLossAccountTitle_loc" xlink:to="jenv-bw2_ShareInResultsParticipatingInterests_loc" order="12.0"/>
    <link:loc xlink:type="locator" xlink:href="https://www.nltaxonomie.nl/jenv/taxonomy/2025-01-01/jenv-bw2_cor.xsd#jenv-bw2_NetResultAfterTax" xlink:label="jenv-bw2_NetResultAfterTax_loc"/>
    <link:presentationArc xlink:type="arc" xlink:arcrole="http://www.xbrl.org/2003/arcrole/parent-child" xlink:from="kvk_ConsolidatedProfitAndLossAccountTitle_loc" xlink:to="jenv-bw2_NetResultAfterTax_loc" order="13.0"/>
  </link:presentationLink>
  <link:presentationLink xlink:type="extended" xlink:role="https://www.vanoord.com/role/ConsolidatedBalanceSheet">
    <link:loc xlink:type="locator" xlink:href="https://www.nltaxonomie.nl/kvk/taxonomy/2025-01-01/kvk_cor.xsd#kvk_ConsolidatedBalanceSheetTitle" xlink:label="kvk_ConsolidatedBalanceSheetTitle_loc"/>
    <link:loc xlink:type="locator" xlink:href="https://www.nltaxonomie.nl/jenv/taxonomy/2025-01-01/jenv-bw2_cor.xsd#jenv-bw2_BalanceSheetBeforeAfterAppropriationResults" xlink:label="jenv-bw2_BalanceSheetBeforeAfterAppropriationResults_loc"/>
    <link:presentationArc xlink:type="arc" xlink:arcrole="http://www.xbrl.org/2003/arcrole/parent-child" xlink:from="kvk_ConsolidatedBalanceSheetTitle_loc" xlink:to="jenv-bw2_BalanceSheetBeforeAfterAppropriationResults_loc" order="1.0"/>
    <link:loc xlink:type="locator" xlink:href="https://www.nltaxonomie.nl/kvk/taxonomy/2025-01-01/kvk_cor.xsd#kvk_AssetsTitle" xlink:label="kvk_AssetsTitle_loc"/>
    <link:presentationArc xlink:type="arc" xlink:arcrole="http://www.xbrl.org/2003/arcrole/parent-child" xlink:from="kvk_ConsolidatedBalanceSheetTitle_loc" xlink:to="kvk_AssetsTitle_loc" order="2.0"/>
    <link:loc xlink:type="locator" xlink:href="https://www.nltaxonomie.nl/kvk/taxonomy/2025-01-01/kvk_cor.xsd#kvk_AssetsNoncurrentTitle" xlink:label="kvk_AssetsNoncurrentTitle_loc"/>
    <link:presentationArc xlink:type="arc" xlink:arcrole="http://www.xbrl.org/2003/arcrole/parent-child" xlink:from="kvk_AssetsTitle_loc" xlink:to="kvk_AssetsNoncurrentTitle_loc" order="1.0"/>
    <link:loc xlink:type="locator" xlink:href="https://www.nltaxonomie.nl/jenv/taxonomy/2025-01-01/jenv-bw2_cor.xsd#jenv-bw2_IntangibleAssets" xlink:label="jenv-bw2_IntangibleAssets_loc"/>
    <link:presentationArc xlink:type="arc" xlink:arcrole="http://www.xbrl.org/2003/arcrole/parent-child" xlink:from="kvk_AssetsNoncurrentTitle_loc" xlink:to="jenv-bw2_IntangibleAssets_loc" order="2.0" preferredLabel="http://www.xbrl.org/2003/role/verboseLabel"/>
    <link:loc xlink:type="locator" xlink:href="https://www.nltaxonomie.nl/jenv/taxonomy/2025-01-01/jenv-bw2_cor.xsd#jenv-bw2_PropertyPlantEquipment" xlink:label="jenv-bw2_PropertyPlantEquipment_loc"/>
    <link:presentationArc xlink:type="arc" xlink:arcrole="http://www.xbrl.org/2003/arcrole/parent-child" xlink:from="kvk_AssetsNoncurrentTitle_loc" xlink:to="jenv-bw2_PropertyPlantEquipment_loc" order="3.0" preferredLabel="http://www.xbrl.org/2003/role/verboseLabel"/>
    <link:loc xlink:type="locator" xlink:href="https://www.nltaxonomie.nl/jenv/taxonomy/2025-01-01/jenv-bw2_cor.xsd#jenv-bw2_FinancialAssets" xlink:label="jenv-bw2_FinancialAssets_loc"/>
    <link:presentationArc xlink:type="arc" xlink:arcrole="http://www.xbrl.org/2003/arcrole/parent-child" xlink:from="kvk_AssetsNoncurrentTitle_loc" xlink:to="jenv-bw2_FinancialAssets_loc" order="4.0" preferredLabel="http://www.xbrl.org/2003/role/verboseLabel"/>
    <link:loc xlink:type="locator" xlink:href="https://www.nltaxonomie.nl/jenv/taxonomy/2025-01-01/jenv-bw2_cor.xsd#jenv-bw2_AssetsNoncurrent" xlink:label="jenv-bw2_AssetsNoncurrent_loc"/>
    <link:presentationArc xlink:type="arc" xlink:arcrole="http://www.xbrl.org/2003/arcrole/parent-child" xlink:from="kvk_AssetsNoncurrentTitle_loc" xlink:to="jenv-bw2_AssetsNoncurrent_loc" order="5.0" preferredLabel="http://www.xbrl.org/2003/role/totalLabel"/>
    <link:loc xlink:type="locator" xlink:href="https://www.nltaxonomie.nl/kvk/taxonomy/2025-01-01/kvk_cor.xsd#kvk_AssetsCurrentTitle" xlink:label="kvk_AssetsCurrentTitle_loc"/>
    <link:presentationArc xlink:type="arc" xlink:arcrole="http://www.xbrl.org/2003/arcrole/parent-child" xlink:from="kvk_AssetsTitle_loc" xlink:to="kvk_AssetsCurrentTitle_loc" order="3.0"/>
    <link:loc xlink:type="locator" xlink:href="https://www.nltaxonomie.nl/jenv/taxonomy/2025-01-01/jenv-bw2_cor.xsd#jenv-bw2_Inventories" xlink:label="jenv-bw2_Inventories_loc"/>
    <link:presentationArc xlink:type="arc" xlink:arcrole="http://www.xbrl.org/2003/arcrole/parent-child" xlink:from="kvk_AssetsCurrentTitle_loc" xlink:to="jenv-bw2_Inventories_loc" order="1.0" preferredLabel="http://www.xbrl.org/2003/role/verboseLabel"/>
    <link:loc xlink:type="locator" xlink:href="https://www.nltaxonomie.nl/rj/taxonomy/2025-01-01/rj_cor.xsd#rj_ConstructionContractsAmount" xlink:label="rj_ConstructionContractsAmount_loc"/>
    <link:presentationArc xlink:type="arc" xlink:arcrole="http://www.xbrl.org/2003/arcrole/parent-child" xlink:from="kvk_AssetsCurrentTitle_loc" xlink:to="rj_ConstructionContractsAmount_loc" order="2.0" preferredLabel="http://www.xbrl.org/2003/role/verboseLabel"/>
    <link:loc xlink:type="locator" xlink:href="https://www.nltaxonomie.nl/jenv/taxonomy/2025-01-01/jenv-bw2_cor.xsd#jenv-bw2_Receivables" xlink:label="jenv-bw2_Receivables_loc"/>
    <link:presentationArc xlink:type="arc" xlink:arcrole="http://www.xbrl.org/2003/arcrole/parent-child" xlink:from="kvk_AssetsCurrentTitle_loc" xlink:to="jenv-bw2_Receivables_loc" order="3.0"/>
    <link:loc xlink:type="locator" xlink:href="https://www.nltaxonomie.nl/jenv/taxonomy/2025-01-01/jenv-bw2_cor.xsd#jenv-bw2_CashAndCashEquivalents" xlink:label="jenv-bw2_CashAndCashEquivalents_loc"/>
    <link:presentationArc xlink:type="arc" xlink:arcrole="http://www.xbrl.org/2003/arcrole/parent-child" xlink:from="kvk_AssetsCurrentTitle_loc" xlink:to="jenv-bw2_CashAndCashEquivalents_loc" order="4.0" preferredLabel="http://www.xbrl.org/2003/role/verboseLabel"/>
    <link:loc xlink:type="locator" xlink:href="https://www.nltaxonomie.nl/jenv/taxonomy/2025-01-01/jenv-bw2_cor.xsd#jenv-bw2_AssetsCurrent" xlink:label="jenv-bw2_AssetsCurrent_loc"/>
    <link:presentationArc xlink:type="arc" xlink:arcrole="http://www.xbrl.org/2003/arcrole/parent-child" xlink:from="kvk_AssetsCurrentTitle_loc" xlink:to="jenv-bw2_AssetsCurrent_loc" order="5.0"/>
    <link:loc xlink:type="locator" xlink:href="https://www.nltaxonomie.nl/jenv/taxonomy/2025-01-01/jenv-bw2_cor.xsd#jenv-bw2_Assets" xlink:label="jenv-bw2_Assets_loc"/>
    <link:presentationArc xlink:type="arc" xlink:arcrole="http://www.xbrl.org/2003/arcrole/parent-child" xlink:from="kvk_AssetsTitle_loc" xlink:to="jenv-bw2_Assets_loc" order="6.0"/>
    <link:loc xlink:type="locator" xlink:href="https://www.nltaxonomie.nl/kvk/taxonomy/2025-01-01/kvk_cor.xsd#kvk_EquityAndLiabilitiesTitle" xlink:label="kvk_EquityAndLiabilitiesTitle_loc"/>
    <link:presentationArc xlink:type="arc" xlink:arcrole="http://www.xbrl.org/2003/arcrole/parent-child" xlink:from="kvk_ConsolidatedBalanceSheetTitle_loc" xlink:to="kvk_EquityAndLiabilitiesTitle_loc" order="3.0"/>
    <link:loc xlink:type="locator" xlink:href="https://www.nltaxonomie.nl/jenv/taxonomy/2025-01-01/jenv-bw2_cor.xsd#jenv-bw2_Equity" xlink:label="jenv-bw2_Equity_loc"/>
    <link:presentationArc xlink:type="arc" xlink:arcrole="http://www.xbrl.org/2003/arcrole/parent-child" xlink:from="kvk_EquityAndLiabilitiesTitle_loc" xlink:to="jenv-bw2_Equity_loc" order="7.0" preferredLabel="http://www.xbrl.org/2003/role/verboseLabel"/>
    <link:loc xlink:type="locator" xlink:href="https://www.nltaxonomie.nl/jenv/taxonomy/2025-01-01/jenv-bw2_cor.xsd#jenv-bw2_Provisions" xlink:label="jenv-bw2_Provisions_loc"/>
    <link:presentationArc xlink:type="arc" xlink:arcrole="http://www.xbrl.org/2003/arcrole/parent-child" xlink:from="kvk_EquityAndLiabilitiesTitle_loc" xlink:to="jenv-bw2_Provisions_loc" order="8.0"/>
    <link:loc xlink:type="locator" xlink:href="https://www.nltaxonomie.nl/jenv/taxonomy/2025-01-01/jenv-bw2_cor.xsd#jenv-bw2_LiabilitiesNoncurrent" xlink:label="jenv-bw2_LiabilitiesNoncurrent_loc"/>
    <link:presentationArc xlink:type="arc" xlink:arcrole="http://www.xbrl.org/2003/arcrole/parent-child" xlink:from="kvk_EquityAndLiabilitiesTitle_loc" xlink:to="jenv-bw2_LiabilitiesNoncurrent_loc" order="9.0" preferredLabel="http://www.xbrl.org/2003/role/verboseLabel"/>
    <link:loc xlink:type="locator" xlink:href="https://www.nltaxonomie.nl/kvk/taxonomy/2025-01-01/kvk_cor.xsd#kvk_LiabilitiesCurrentTitle" xlink:label="kvk_LiabilitiesCurrentTitle_loc"/>
    <link:presentationArc xlink:type="arc" xlink:arcrole="http://www.xbrl.org/2003/arcrole/parent-child" xlink:from="kvk_EquityAndLiabilitiesTitle_loc" xlink:to="kvk_LiabilitiesCurrentTitle_loc" order="10.0"/>
    <link:loc xlink:type="locator" xlink:href="https://www.nltaxonomie.nl/rj/taxonomy/2025-01-01/rj_cor.xsd#rj_ConstructionContractsAmountRecordedAsLiability" xlink:label="rj_ConstructionContractsAmountRecordedAsLiability_loc"/>
    <link:presentationArc xlink:type="arc" xlink:arcrole="http://www.xbrl.org/2003/arcrole/parent-child" xlink:from="kvk_LiabilitiesCurrentTitle_loc" xlink:to="rj_ConstructionContractsAmountRecordedAsLiability_loc" order="1.0" preferredLabel="http://www.xbrl.org/2003/role/verboseLabel"/>
    <link:loc xlink:type="locator" xlink:href="https://www.nltaxonomie.nl/rj/taxonomy/2025-01-01/rj_cor.xsd#rj_LiabilitiesOther" xlink:label="rj_LiabilitiesOther_loc"/>
    <link:presentationArc xlink:type="arc" xlink:arcrole="http://www.xbrl.org/2003/arcrole/parent-child" xlink:from="kvk_LiabilitiesCurrentTitle_loc" xlink:to="rj_LiabilitiesOther_loc" order="2.0"/>
    <link:loc xlink:type="locator" xlink:href="https://www.nltaxonomie.nl/jenv/taxonomy/2025-01-01/jenv-bw2_cor.xsd#jenv-bw2_LiabilitiesCurrent" xlink:label="jenv-bw2_LiabilitiesCurrent_loc"/>
    <link:presentationArc xlink:type="arc" xlink:arcrole="http://www.xbrl.org/2003/arcrole/parent-child" xlink:from="kvk_LiabilitiesCurrentTitle_loc" xlink:to="jenv-bw2_LiabilitiesCurrent_loc" order="3.0"/>
    <link:loc xlink:type="locator" xlink:href="https://www.nltaxonomie.nl/jenv/taxonomy/2025-01-01/jenv-bw2_cor.xsd#jenv-bw2_EquityAndLiabilities" xlink:label="jenv-bw2_EquityAndLiabilities_loc"/>
    <link:presentationArc xlink:type="arc" xlink:arcrole="http://www.xbrl.org/2003/arcrole/parent-child" xlink:from="kvk_EquityAndLiabilitiesTitle_loc" xlink:to="jenv-bw2_EquityAndLiabilities_loc" order="11.0"/>
  </link:presentationLink>
  <link:presentationLink xlink:type="extended" xlink:role="https://www.vanoord.com/role/ConsolidatedCashFlowStatement">
    <link:loc xlink:type="locator" xlink:href="https://www.nltaxonomie.nl/kvk/taxonomy/2025-01-01/kvk_cor.xsd#kvk_ConsolidatedCashFlowStatementTitle" xlink:label="kvk_ConsolidatedCashFlowStatementTitle_loc"/>
    <link:loc xlink:type="locator" xlink:href="https://www.nltaxonomie.nl/rj/taxonomy/2025-01-01/rj_cor.xsd#rj_CashAndCashEquivalentsCashFlow" xlink:label="rj_CashAndCashEquivalentsCashFlow_loc"/>
    <link:presentationArc xlink:type="arc" xlink:arcrole="http://www.xbrl.org/2003/arcrole/parent-child" xlink:from="kvk_ConsolidatedCashFlowStatementTitle_loc" xlink:to="rj_CashAndCashEquivalentsCashFlow_loc" order="1.0" preferredLabel="http://www.xbrl.org/2003/role/periodStartLabel"/>
    <link:loc xlink:type="locator" xlink:href="https://www.nltaxonomie.nl/rj/taxonomy/2025-01-01/rj_cor.xsd#rj_CashAndCashEquivalentsCashFlow" xlink:label="rj_CashAndCashEquivalentsCashFlow_loc_2"/>
    <link:presentationArc xlink:type="arc" xlink:arcrole="http://www.xbrl.org/2003/arcrole/parent-child" xlink:from="kvk_ConsolidatedCashFlowStatementTitle_loc" xlink:to="rj_CashAndCashEquivalentsCashFlow_loc_2" order="8.0" preferredLabel="http://www.xbrl.org/2003/role/periodEndLabel"/>
    <link:loc xlink:type="locator" xlink:href="https://www.nltaxonomie.nl/rj/taxonomy/2025-01-01/rj_cor.xsd#rj_CashFlowOperatingActivities" xlink:label="rj_CashFlowOperatingActivities_loc_2"/>
    <link:presentationArc xlink:type="arc" xlink:arcrole="http://www.xbrl.org/2003/arcrole/parent-child" xlink:from="kvk_ConsolidatedCashFlowStatementTitle_loc" xlink:to="rj_CashFlowOperatingActivities_loc_2" order="2.0" preferredLabel="http://www.xbrl.org/2003/role/totalLabel"/>
    <link:loc xlink:type="locator" xlink:href="https://www.nltaxonomie.nl/rj/taxonomy/2025-01-01/rj_cor.xsd#rj_CashFlowInvestingActivities" xlink:label="rj_CashFlowInvestingActivities_loc"/>
    <link:presentationArc xlink:type="arc" xlink:arcrole="http://www.xbrl.org/2003/arcrole/parent-child" xlink:from="kvk_ConsolidatedCashFlowStatementTitle_loc" xlink:to="rj_CashFlowInvestingActivities_loc" order="3.0" preferredLabel="http://www.xbrl.org/2003/role/totalLabel"/>
    <link:loc xlink:type="locator" xlink:href="https://www.nltaxonomie.nl/rj/taxonomy/2025-01-01/rj_cor.xsd#rj_CashFlowFinancingActivities" xlink:label="rj_CashFlowFinancingActivities_loc"/>
    <link:presentationArc xlink:type="arc" xlink:arcrole="http://www.xbrl.org/2003/arcrole/parent-child" xlink:from="kvk_ConsolidatedCashFlowStatementTitle_loc" xlink:to="rj_CashFlowFinancingActivities_loc" order="4.0" preferredLabel="http://www.xbrl.org/2003/role/totalLabel"/>
    <link:loc xlink:type="locator" xlink:href="https://www.nltaxonomie.nl/rj/taxonomy/2025-01-01/rj_cor.xsd#rj_NetCashFlows" xlink:label="rj_NetCashFlows_loc"/>
    <link:presentationArc xlink:type="arc" xlink:arcrole="http://www.xbrl.org/2003/arcrole/parent-child" xlink:from="kvk_ConsolidatedCashFlowStatementTitle_loc" xlink:to="rj_NetCashFlows_loc" order="5.0"/>
    <link:loc xlink:type="locator" xlink:href="https://www.nltaxonomie.nl/rj/taxonomy/2025-01-01/rj_cor.xsd#rj_EffectExchangeRateChangesCashAndCashEquivalents" xlink:label="rj_EffectExchangeRateChangesCashAndCashEquivalents_loc"/>
    <link:presentationArc xlink:type="arc" xlink:arcrole="http://www.xbrl.org/2003/arcrole/parent-child" xlink:from="kvk_ConsolidatedCashFlowStatementTitle_loc" xlink:to="rj_EffectExchangeRateChangesCashAndCashEquivalents_loc" order="6.0"/>
    <link:loc xlink:type="locator" xlink:href="https://www.nltaxonomie.nl/rj/taxonomy/2025-01-01/rj_cor.xsd#rj_IncreaseDecreaseCashAndCashEquivalents" xlink:label="rj_IncreaseDecreaseCashAndCashEquivalents_loc"/>
    <link:presentationArc xlink:type="arc" xlink:arcrole="http://www.xbrl.org/2003/arcrole/parent-child" xlink:from="kvk_ConsolidatedCashFlowStatementTitle_loc" xlink:to="rj_IncreaseDecreaseCashAndCashEquivalents_loc" order="7.0"/>
    <link:loc xlink:type="locator" xlink:href="https://www.nltaxonomie.nl/rj/taxonomy/2025-01-01/rj_cor.xsd#rj_OperatingResultCashFlow" xlink:label="rj_OperatingResultCashFlow_loc"/>
    <link:presentationArc xlink:type="arc" xlink:arcrole="http://www.xbrl.org/2003/arcrole/parent-child" xlink:from="kvk_ConsolidatedCashFlowStatementTitle_loc" xlink:to="rj_OperatingResultCashFlow_loc" order="9.0" preferredLabel="http://www.xbrl.org/2003/role/terseLabel"/>
    <link:loc xlink:type="locator" xlink:href="24355843-2022-12-31.xsd#vanoord_AdjustedForAbstract" xlink:label="vanoord_AdjustedForTitle_loc"/>
    <link:presentationArc xlink:type="arc" xlink:arcrole="http://www.xbrl.org/2003/arcrole/parent-child" xlink:from="kvk_ConsolidatedCashFlowStatementTitle_loc" xlink:to="vanoord_AdjustedForTitle_loc" order="10.0"/>
    <link:loc xlink:type="locator" xlink:href="24355843-2022-12-31.xsd#vanoord_AdjustmentsDepreciationTangibleFixedAssets" xlink:label="vanoord_AdjustmentsDepreciationTangibleFixedAssets_loc"/>
    <link:presentationArc xlink:type="arc" xlink:arcrole="http://www.xbrl.org/2003/arcrole/parent-child" xlink:from="vanoord_AdjustedForTitle_loc" xlink:to="vanoord_AdjustmentsDepreciationTangibleFixedAssets_loc" order="1.0"/>
    <link:loc xlink:type="locator" xlink:href="24355843-2022-12-31.xsd#vanoord_AdjustmentsAmortisationIntangibleFixedAssets" xlink:label="vanoord_AdjustmentsAmortisationIntangibleFixedAssets_loc"/>
    <link:presentationArc xlink:type="arc" xlink:arcrole="http://www.xbrl.org/2003/arcrole/parent-child" xlink:from="vanoord_AdjustedForTitle_loc" xlink:to="vanoord_AdjustmentsAmortisationIntangibleFixedAssets_loc" order="2.0"/>
    <link:loc xlink:type="locator" xlink:href="24355843-2022-12-31.xsd#vanoord_ResultOnSaleParticipatingInterest" xlink:label="vanoord_ResultOnSaleParticipatingInterest_loc"/>
    <link:presentationArc xlink:type="arc" xlink:arcrole="http://www.xbrl.org/2003/arcrole/parent-child" xlink:from="vanoord_AdjustedForTitle_loc" xlink:to="vanoord_ResultOnSaleParticipatingInterest_loc" order="3.0"/>
    <link:loc xlink:type="locator" xlink:href="24355843-2022-12-31.xsd#vanoord_ChangesInWorkingCapitalAbstract" xlink:label="vanoord_ChangesInWorkingCapital_loc"/>
    <link:presentationArc xlink:type="arc" xlink:arcrole="http://www.xbrl.org/2003/arcrole/parent-child" xlink:from="vanoord_AdjustedForTitle_loc" xlink:to="vanoord_ChangesInWorkingCapital_loc" order="4.0"/>
    <link:loc xlink:type="locator" xlink:href="https://www.nltaxonomie.nl/rj/taxonomy/2025-01-01/rj_cor.xsd#rj_IncreaseDecreaseInInventories" xlink:label="rj_IncreaseDecreaseInInventories_loc"/>
    <link:presentationArc xlink:type="arc" xlink:arcrole="http://www.xbrl.org/2003/arcrole/parent-child" xlink:from="vanoord_ChangesInWorkingCapital_loc" xlink:to="rj_IncreaseDecreaseInInventories_loc" order="1.0" preferredLabel="http://www.xbrl.org/2003/role/verboseLabel"/>
    <link:loc xlink:type="locator" xlink:href="24355843-2022-12-31.xsd#vanoord_IncreaseDecreaseReceivables" xlink:label="vanoord_IncreaseDecreaseReceivables_loc"/>
    <link:presentationArc xlink:type="arc" xlink:arcrole="http://www.xbrl.org/2003/arcrole/parent-child" xlink:from="vanoord_ChangesInWorkingCapital_loc" xlink:to="vanoord_IncreaseDecreaseReceivables_loc" order="2.0"/>
    <link:loc xlink:type="locator" xlink:href="24355843-2022-12-31.xsd#vanoord_IncreaseDecreaseWorkInProgress" xlink:label="vanoord_IncreaseDecreaseWorkInProgress_loc"/>
    <link:presentationArc xlink:type="arc" xlink:arcrole="http://www.xbrl.org/2003/arcrole/parent-child" xlink:from="vanoord_ChangesInWorkingCapital_loc" xlink:to="vanoord_IncreaseDecreaseWorkInProgress_loc" order="3.0"/>
    <link:loc xlink:type="locator" xlink:href="https://www.nltaxonomie.nl/rj/taxonomy/2025-01-01/rj_cor.xsd#rj_IncreaseDecreaseInOtherPayables" xlink:label="rj_IncreaseDecreaseInOtherPayables_loc"/>
    <link:presentationArc xlink:type="arc" xlink:arcrole="http://www.xbrl.org/2003/arcrole/parent-child" xlink:from="vanoord_ChangesInWorkingCapital_loc" xlink:to="rj_IncreaseDecreaseInOtherPayables_loc" order="4.0" preferredLabel="http://www.xbrl.org/2003/role/verboseLabel"/>
    <link:loc xlink:type="locator" xlink:href="https://www.nltaxonomie.nl/rj/taxonomy/2025-01-01/rj_cor.xsd#rj_ChangesWorkingCapital" xlink:label="rj_ChangesWorkingCapital_loc"/>
    <link:presentationArc xlink:type="arc" xlink:arcrole="http://www.xbrl.org/2003/arcrole/parent-child" xlink:from="vanoord_ChangesInWorkingCapital_loc" xlink:to="rj_ChangesWorkingCapital_loc" order="5.0" preferredLabel="http://www.xbrl.org/2003/role/totalLabel"/>
    <link:loc xlink:type="locator" xlink:href="https://www.nltaxonomie.nl/rj/taxonomy/2025-01-01/rj_cor.xsd#rj_IncreaseDecreaseProvisions" xlink:label="rj_IncreaseDecreaseProvisions_loc"/>
    <link:presentationArc xlink:type="arc" xlink:arcrole="http://www.xbrl.org/2003/arcrole/parent-child" xlink:from="vanoord_AdjustedForTitle_loc" xlink:to="rj_IncreaseDecreaseProvisions_loc" order="5.0" preferredLabel="http://www.xbrl.org/2003/role/verboseLabel"/>
    <link:loc xlink:type="locator" xlink:href="https://www.nltaxonomie.nl/rj/taxonomy/2025-01-01/rj_cor.xsd#rj_CashFlowFromOperations" xlink:label="rj_CashFlowFromOperations_loc"/>
    <link:presentationArc xlink:type="arc" xlink:arcrole="http://www.xbrl.org/2003/arcrole/parent-child" xlink:from="kvk_ConsolidatedCashFlowStatementTitle_loc" xlink:to="rj_CashFlowFromOperations_loc" order="18.0" preferredLabel="http://www.xbrl.org/2003/role/totalLabel"/>
    <link:loc xlink:type="locator" xlink:href="https://www.nltaxonomie.nl/rj/taxonomy/2025-01-01/rj_cor.xsd#rj_InterestPaidClassifiedAsOperatingActivities" xlink:label="rj_InterestPaidClassifiedAsOperatingActivities_loc"/>
    <link:presentationArc xlink:type="arc" xlink:arcrole="http://www.xbrl.org/2003/arcrole/parent-child" xlink:from="kvk_ConsolidatedCashFlowStatementTitle_loc" xlink:to="rj_InterestPaidClassifiedAsOperatingActivities_loc" order="19.0" preferredLabel="http://www.xbrl.org/2003/role/terseLabel"/>
    <link:loc xlink:type="locator" xlink:href="https://www.nltaxonomie.nl/rj/taxonomy/2025-01-01/rj_cor.xsd#rj_IncomeTaxPaidClassifiedAsOperatingActivities" xlink:label="rj_IncomeTaxPaidClassifiedAsOperatingActivities_loc"/>
    <link:presentationArc xlink:type="arc" xlink:arcrole="http://www.xbrl.org/2003/arcrole/parent-child" xlink:from="kvk_ConsolidatedCashFlowStatementTitle_loc" xlink:to="rj_IncomeTaxPaidClassifiedAsOperatingActivities_loc" order="20.0" preferredLabel="http://www.xbrl.org/2003/role/terseLabel"/>
    <link:loc xlink:type="locator" xlink:href="https://www.nltaxonomie.nl/rj/taxonomy/2025-01-01/rj_cor.xsd#rj_PurchasePropertyPlantEquipment" xlink:label="rj_PurchasePropertyPlantEquipment_loc"/>
    <link:presentationArc xlink:type="arc" xlink:arcrole="http://www.xbrl.org/2003/arcrole/parent-child" xlink:from="kvk_ConsolidatedCashFlowStatementTitle_loc" xlink:to="rj_PurchasePropertyPlantEquipment_loc" order="22.0" preferredLabel="http://www.xbrl.org/2003/role/verboseLabel"/>
    <link:loc xlink:type="locator" xlink:href="https://www.nltaxonomie.nl/rj/taxonomy/2025-01-01/rj_cor.xsd#rj_ProceedsSalesPropertyPlantAndEquipment" xlink:label="rj_ProceedsSalesPropertyPlantAndEquipment_loc"/>
    <link:presentationArc xlink:type="arc" xlink:arcrole="http://www.xbrl.org/2003/arcrole/parent-child" xlink:from="kvk_ConsolidatedCashFlowStatementTitle_loc" xlink:to="rj_ProceedsSalesPropertyPlantAndEquipment_loc" order="23.0" preferredLabel="http://www.xbrl.org/2003/role/verboseLabel"/>
    <link:loc xlink:type="locator" xlink:href="24355843-2022-12-31.xsd#vanoord_InvestmentsInFinancialFixedAssets" xlink:label="vanoord_InvestmentsInFinancialFixedAssets_loc"/>
    <link:presentationArc xlink:type="arc" xlink:arcrole="http://www.xbrl.org/2003/arcrole/parent-child" xlink:from="kvk_ConsolidatedCashFlowStatementTitle_loc" xlink:to="vanoord_InvestmentsInFinancialFixedAssets_loc" order="24.0"/>
    <link:loc xlink:type="locator" xlink:href="24355843-2022-12-31.xsd#vanoord_ReceiptsFromFinancialFixedAssets" xlink:label="vanoord_ReceiptsFromFinancialFixedAssets_loc"/>
    <link:presentationArc xlink:type="arc" xlink:arcrole="http://www.xbrl.org/2003/arcrole/parent-child" xlink:from="kvk_ConsolidatedCashFlowStatementTitle_loc" xlink:to="vanoord_ReceiptsFromFinancialFixedAssets_loc" order="25.0"/>
    <link:loc xlink:type="locator" xlink:href="https://www.nltaxonomie.nl/rj/taxonomy/2025-01-01/rj_cor.xsd#rj_DividendsPaidClassifiedAsFinancingActivities" xlink:label="rj_DividendsPaidClassifiedAsFinancingActivities_loc"/>
    <link:presentationArc xlink:type="arc" xlink:arcrole="http://www.xbrl.org/2003/arcrole/parent-child" xlink:from="kvk_ConsolidatedCashFlowStatementTitle_loc" xlink:to="rj_DividendsPaidClassifiedAsFinancingActivities_loc" order="27.0" preferredLabel="http://www.xbrl.org/2003/role/terseLabel"/>
    <link:loc xlink:type="locator" xlink:href="https://www.nltaxonomie.nl/rj/taxonomy/2025-01-01/rj_cor.xsd#rj_RepaymentsBorrowings" xlink:label="rj_RepaymentsBorrowings_loc"/>
    <link:presentationArc xlink:type="arc" xlink:arcrole="http://www.xbrl.org/2003/arcrole/parent-child" xlink:from="kvk_ConsolidatedCashFlowStatementTitle_loc" xlink:to="rj_RepaymentsBorrowings_loc" order="28.0" preferredLabel="http://www.xbrl.org/2003/role/verboseLabel"/>
    <link:loc xlink:type="locator" xlink:href="https://www.nltaxonomie.nl/rj/taxonomy/2025-01-01/rj_cor.xsd#rj_ProceedsFromBorrowings" xlink:label="rj_ProceedsFromBorrowings_loc"/>
    <link:presentationArc xlink:type="arc" xlink:arcrole="http://www.xbrl.org/2003/arcrole/parent-child" xlink:from="kvk_ConsolidatedCashFlowStatementTitle_loc" xlink:to="rj_ProceedsFromBorrowings_loc" order="29.0" preferredLabel="http://www.xbrl.org/2003/role/verboseLabel"/>
  </link:presentationLink>
  <link:presentationLink xlink:type="extended" xlink:role="https://www.vanoord.com/role/NotesToTheConsolidatedBalanceSheet">
    <link:loc xlink:type="locator" xlink:href="https://www.nltaxonomie.nl/kvk/taxonomy/2025-01-01/kvk_cor.xsd#kvk_NotesToTheConsolidatedBalanceSheetAbstract" xlink:label="jenv-bw2_NotesToTheConsolidatedBalanceSheetAbstract_loc"/>
    <link:loc xlink:type="locator" xlink:href="https://www.nltaxonomie.nl/jenv/taxonomy/2025-01-01/jenv-bw2_cor.xsd#jenv-bw2_IntangibleAssetsDisclosure" xlink:label="jenv-bw2_IntangibleAssetsDisclosure_loc"/>
    <link:presentationArc xlink:type="arc" xlink:arcrole="http://www.xbrl.org/2003/arcrole/parent-child" xlink:from="jenv-bw2_NotesToTheConsolidatedBalanceSheetAbstract_loc" xlink:to="jenv-bw2_IntangibleAssetsDisclosure_loc" order="1.0"/>
    <link:loc xlink:type="locator" xlink:href="https://www.nltaxonomie.nl/jenv/taxonomy/2025-01-01/jenv-bw2_cor.xsd#jenv-bw2_PropertyPlantEquipmentDisclosure" xlink:label="jenv-bw2_PropertyPlantEquipmentDisclosure_loc"/>
    <link:presentationArc xlink:type="arc" xlink:arcrole="http://www.xbrl.org/2003/arcrole/parent-child" xlink:from="jenv-bw2_NotesToTheConsolidatedBalanceSheetAbstract_loc" xlink:to="jenv-bw2_PropertyPlantEquipmentDisclosure_loc" order="2.0"/>
    <link:loc xlink:type="locator" xlink:href="https://www.nltaxonomie.nl/jenv/taxonomy/2025-01-01/jenv-bw2_cor.xsd#jenv-bw2_FinancialAssetsDisclosure" xlink:label="jenv-bw2_FinancialAssetsDisclosure_loc"/>
    <link:presentationArc xlink:type="arc" xlink:arcrole="http://www.xbrl.org/2003/arcrole/parent-child" xlink:from="jenv-bw2_NotesToTheConsolidatedBalanceSheetAbstract_loc" xlink:to="jenv-bw2_FinancialAssetsDisclosure_loc" order="3.0"/>
    <link:loc xlink:type="locator" xlink:href="https://www.nltaxonomie.nl/jenv/taxonomy/2025-01-01/jenv-bw2_cor.xsd#jenv-bw2_ReceivablesDisclosure" xlink:label="jenv-bw2_ReceivablesDisclosure_loc"/>
    <link:presentationArc xlink:type="arc" xlink:arcrole="http://www.xbrl.org/2003/arcrole/parent-child" xlink:from="jenv-bw2_NotesToTheConsolidatedBalanceSheetAbstract_loc" xlink:to="jenv-bw2_ReceivablesDisclosure_loc" order="4.0"/>
    <link:loc xlink:type="locator" xlink:href="https://www.nltaxonomie.nl/jenv/taxonomy/2025-01-01/jenv-bw2_cor.xsd#jenv-bw2_CashAndCashEquivalentsDisclosure" xlink:label="jenv-bw2_CashAndCashEquivalentsDisclosure_loc"/>
    <link:presentationArc xlink:type="arc" xlink:arcrole="http://www.xbrl.org/2003/arcrole/parent-child" xlink:from="jenv-bw2_NotesToTheConsolidatedBalanceSheetAbstract_loc" xlink:to="jenv-bw2_CashAndCashEquivalentsDisclosure_loc" order="5.0"/>
    <link:loc xlink:type="locator" xlink:href="https://www.nltaxonomie.nl/jenv/taxonomy/2025-01-01/jenv-bw2_cor.xsd#jenv-bw2_ProvisionsDisclosure" xlink:label="jenv-bw2_ProvisionsDisclosure_loc"/>
    <link:presentationArc xlink:type="arc" xlink:arcrole="http://www.xbrl.org/2003/arcrole/parent-child" xlink:from="jenv-bw2_NotesToTheConsolidatedBalanceSheetAbstract_loc" xlink:to="jenv-bw2_ProvisionsDisclosure_loc" order="7.0"/>
    <link:loc xlink:type="locator" xlink:href="https://www.nltaxonomie.nl/jenv/taxonomy/2025-01-01/jenv-bw2_cor.xsd#jenv-bw2_LiabilitiesNoncurrentDisclosure" xlink:label="jenv-bw2_LiabilitiesNoncurrentDisclosure_loc"/>
    <link:presentationArc xlink:type="arc" xlink:arcrole="http://www.xbrl.org/2003/arcrole/parent-child" xlink:from="jenv-bw2_NotesToTheConsolidatedBalanceSheetAbstract_loc" xlink:to="jenv-bw2_LiabilitiesNoncurrentDisclosure_loc" order="8.0"/>
    <link:loc xlink:type="locator" xlink:href="https://www.nltaxonomie.nl/rj/taxonomy/2025-01-01/rj_cor.xsd#rj_ConstructionContractsDisclosure" xlink:label="rj_ConstructionContractsDisclosure_loc"/>
    <link:presentationArc xlink:type="arc" xlink:arcrole="http://www.xbrl.org/2003/arcrole/parent-child" xlink:from="jenv-bw2_NotesToTheConsolidatedBalanceSheetAbstract_loc" xlink:to="rj_ConstructionContractsDisclosure_loc" order="9.0"/>
    <link:loc xlink:type="locator" xlink:href="https://www.nltaxonomie.nl/jenv/taxonomy/2025-01-01/jenv-bw2_cor.xsd#jenv-bw2_EquityGroupDisclosure" xlink:label="jenv-bw2_EquityGroupDisclosure_loc"/>
    <link:presentationArc xlink:type="arc" xlink:arcrole="http://www.xbrl.org/2003/arcrole/parent-child" xlink:from="jenv-bw2_NotesToTheConsolidatedBalanceSheetAbstract_loc" xlink:to="jenv-bw2_EquityGroupDisclosure_loc" order="6.0"/>
    <link:loc xlink:type="locator" xlink:href="https://www.nltaxonomie.nl/rj/taxonomy/2025-01-01/rj_cor.xsd#rj_LiabilitiesOtherDisclosure" xlink:label="rj_LiabilitiesOtherDisclosure_loc"/>
    <link:presentationArc xlink:type="arc" xlink:arcrole="http://www.xbrl.org/2003/arcrole/parent-child" xlink:from="jenv-bw2_NotesToTheConsolidatedBalanceSheetAbstract_loc" xlink:to="rj_LiabilitiesOtherDisclosure_loc" order="10.0"/>
    <link:loc xlink:type="locator" xlink:href="https://www.nltaxonomie.nl/jenv/taxonomy/2025-01-01/jenv-bw2_cor.xsd#jenv-bw2_FinancialInstrumentsDisclosure" xlink:label="jenv-bw2_FinancialInstrumentsDisclosure_loc"/>
    <link:presentationArc xlink:type="arc" xlink:arcrole="http://www.xbrl.org/2003/arcrole/parent-child" xlink:from="jenv-bw2_NotesToTheConsolidatedBalanceSheetAbstract_loc" xlink:to="jenv-bw2_FinancialInstrumentsDisclosure_loc" order="11.0"/>
    <link:loc xlink:type="locator" xlink:href="https://www.nltaxonomie.nl/jenv/taxonomy/2025-01-01/jenv-bw2_cor.xsd#jenv-bw2_OffBalanceSheetCommitmentsDisclosure" xlink:label="jenv-bw2_OffBalanceSheetCommitmentsDisclosure_loc"/>
    <link:presentationArc xlink:type="arc" xlink:arcrole="http://www.xbrl.org/2003/arcrole/parent-child" xlink:from="jenv-bw2_NotesToTheConsolidatedBalanceSheetAbstract_loc" xlink:to="jenv-bw2_OffBalanceSheetCommitmentsDisclosure_loc" order="12.0"/>
  </link:presentationLink>
  <link:presentationLink xlink:type="extended" xlink:role="https://www.vanoord.com/role/NotesToTheProfitAndLossAccount">
    <link:loc xlink:type="locator" xlink:href="https://www.nltaxonomie.nl/kvk/taxonomy/2025-01-01/kvk_cor.xsd#kvk_NotesToTheConsolidatedProfitAndLossAccountAbstract" xlink:label="jenv-bw2_NotesToTheConsolidatedProfitAndLossAccountAbstract_loc"/>
    <link:loc xlink:type="locator" xlink:href="https://www.nltaxonomie.nl/jenv/taxonomy/2025-01-01/jenv-bw2_cor.xsd#jenv-bw2_EmployeeBenefitsExpensesDisclosure" xlink:label="jenv-bw2_EmployeeBenefitsExpensesDisclosure_loc"/>
    <link:presentationArc xlink:type="arc" xlink:arcrole="http://www.xbrl.org/2003/arcrole/parent-child" xlink:from="jenv-bw2_NotesToTheConsolidatedProfitAndLossAccountAbstract_loc" xlink:to="jenv-bw2_EmployeeBenefitsExpensesDisclosure_loc" order="2.0"/>
    <link:loc xlink:type="locator" xlink:href="https://www.nltaxonomie.nl/jenv/taxonomy/2025-01-01/jenv-bw2_cor.xsd#jenv-bw2_IncomeTaxExpenseDisclosure" xlink:label="jenv-bw2_IncomeTaxExpenseDisclosure_loc"/>
    <link:presentationArc xlink:type="arc" xlink:arcrole="http://www.xbrl.org/2003/arcrole/parent-child" xlink:from="jenv-bw2_NotesToTheConsolidatedProfitAndLossAccountAbstract_loc" xlink:to="jenv-bw2_IncomeTaxExpenseDisclosure_loc" order="8.0"/>
    <link:loc xlink:type="locator" xlink:href="https://www.nltaxonomie.nl/jenv/taxonomy/2025-01-01/jenv-bw2_cor.xsd#jenv-bw2_NetRevenueDisclosure" xlink:label="jenv-bw2_NetRevenueDisclosure_loc"/>
    <link:presentationArc xlink:type="arc" xlink:arcrole="http://www.xbrl.org/2003/arcrole/parent-child" xlink:from="jenv-bw2_NotesToTheConsolidatedProfitAndLossAccountAbstract_loc" xlink:to="jenv-bw2_NetRevenueDisclosure_loc" order="1.0"/>
    <link:loc xlink:type="locator" xlink:href="https://www.nltaxonomie.nl/jenv/taxonomy/2025-01-01/jenv-bw2_cor.xsd#jenv-bw2_RemunerationManagingSupervisoryDirectorsDisclosure" xlink:label="jenv-bw2_RemunerationManagingSupervisoryDirectorsDisclosure_loc"/>
    <link:presentationArc xlink:type="arc" xlink:arcrole="http://www.xbrl.org/2003/arcrole/parent-child" xlink:from="jenv-bw2_NotesToTheConsolidatedProfitAndLossAccountAbstract_loc" xlink:to="jenv-bw2_RemunerationManagingSupervisoryDirectorsDisclosure_loc" order="3.0"/>
    <link:loc xlink:type="locator" xlink:href="https://www.nltaxonomie.nl/jenv/taxonomy/2025-01-01/jenv-bw2_cor.xsd#jenv-bw2_AverageNumberEmployeesDisclosure" xlink:label="jenv-bw2_AverageNumberEmployeesDisclosure_loc"/>
    <link:presentationArc xlink:type="arc" xlink:arcrole="http://www.xbrl.org/2003/arcrole/parent-child" xlink:from="jenv-bw2_NotesToTheConsolidatedProfitAndLossAccountAbstract_loc" xlink:to="jenv-bw2_AverageNumberEmployeesDisclosure_loc" order="4.0"/>
    <link:loc xlink:type="locator" xlink:href="https://www.nltaxonomie.nl/jenv/taxonomy/2025-01-01/jenv-bw2_cor.xsd#jenv-bw2_GeneralAdministrativeExpensesDisclosure" xlink:label="jenv-bw2_GeneralAdministrativeExpensesDisclosure_loc"/>
    <link:presentationArc xlink:type="arc" xlink:arcrole="http://www.xbrl.org/2003/arcrole/parent-child" xlink:from="jenv-bw2_NotesToTheConsolidatedProfitAndLossAccountAbstract_loc" xlink:to="jenv-bw2_GeneralAdministrativeExpensesDisclosure_loc" order="6.0"/>
    <link:loc xlink:type="locator" xlink:href="https://www.nltaxonomie.nl/rj/taxonomy/2025-01-01/rj_cor.xsd#rj_FinancialIncomeExpensesDisclosure" xlink:label="rj_FinancialIncomeExpensesDisclosure_loc"/>
    <link:presentationArc xlink:type="arc" xlink:arcrole="http://www.xbrl.org/2003/arcrole/parent-child" xlink:from="jenv-bw2_NotesToTheConsolidatedProfitAndLossAccountAbstract_loc" xlink:to="rj_FinancialIncomeExpensesDisclosure_loc" order="7.0"/>
    <link:loc xlink:type="locator" xlink:href="24355843-2022-12-31.xsd#vanoord_GrossProfitDisclosure" xlink:label="vanoord_GrossProfitDisclosure_loc"/>
    <link:presentationArc xlink:type="arc" xlink:arcrole="http://www.xbrl.org/2003/arcrole/parent-child" xlink:from="jenv-bw2_NotesToTheConsolidatedProfitAndLossAccountAbstract_loc" xlink:to="vanoord_GrossProfitDisclosure_loc" order="5.0"/>
  </link:presentationLink>
  <link:presentationLink xlink:type="extended" xlink:role="https://www.vanoord.com/role/ConsolidatedStatementOfChangesInEquity">
    <link:loc xlink:type="locator" xlink:href="24355843-2022-12-31.xsd#vanoord_StatementOfChangesInEquityTable" xlink:label="vanoord_StatementOfChangesInEquityTable_loc"/>
    <link:loc xlink:type="locator" xlink:href="https://www.nltaxonomie.nl/kvk/taxonomy/2025-01-01/kvk_cor.xsd#kvk_EquityLineItemsTitle" xlink:label="kvk_EquityLineItemsTitle_loc"/>
    <link:presentationArc xlink:type="arc" xlink:arcrole="http://www.xbrl.org/2003/arcrole/parent-child" xlink:from="vanoord_StatementOfChangesInEquityTable_loc" xlink:to="kvk_EquityLineItemsTitle_loc" order="2.0"/>
    <link:loc xlink:type="locator" xlink:href="https://www.nltaxonomie.nl/jenv/taxonomy/2025-01-01/jenv-bw2_cor.xsd#jenv-bw2_Equity" xlink:label="jenv-bw2_Equity_loc"/>
    <link:presentationArc xlink:type="arc" xlink:arcrole="http://www.xbrl.org/2003/arcrole/parent-child" xlink:from="kvk_EquityLineItemsTitle_loc" xlink:to="jenv-bw2_Equity_loc" order="1.0" preferredLabel="http://www.xbrl.org/2003/role/periodStartLabel"/>
    <link:loc xlink:type="locator" xlink:href="https://www.nltaxonomie.nl/jenv/taxonomy/2025-01-01/jenv-bw2_cor.xsd#jenv-bw2_Equity" xlink:label="jenv-bw2_Equity_loc_2"/>
    <link:presentationArc xlink:type="arc" xlink:arcrole="http://www.xbrl.org/2003/arcrole/parent-child" xlink:from="kvk_EquityLineItemsTitle_loc" xlink:to="jenv-bw2_Equity_loc_2" order="9.0" preferredLabel="http://www.xbrl.org/2003/role/periodEndLabel"/>
    <link:loc xlink:type="locator" xlink:href="https://www.nltaxonomie.nl/rj/taxonomy/2025-01-01/rj_cor.xsd#rj_EquityDividendDistribution" xlink:label="rj_EquityDividendDistribution_loc"/>
    <link:presentationArc xlink:type="arc" xlink:arcrole="http://www.xbrl.org/2003/arcrole/parent-child" xlink:from="kvk_EquityLineItemsTitle_loc" xlink:to="rj_EquityDividendDistribution_loc" order="7.0"/>
    <link:loc xlink:type="locator" xlink:href="24355843-2022-12-31.xsd#vanoord_TotalDistributionsToShareholders" xlink:label="vanoord_TotalDistributionsToShareholders_loc"/>
    <link:presentationArc xlink:type="arc" xlink:arcrole="http://www.xbrl.org/2003/arcrole/parent-child" xlink:from="kvk_EquityLineItemsTitle_loc" xlink:to="vanoord_TotalDistributionsToShareholders_loc" order="8.0"/>
    <link:loc xlink:type="locator" xlink:href="24355843-2022-12-31.xsd#vanoord_TranslationDifferencesForeignParticipatingInterests" xlink:label="vanoord_TranslationDifferencesForeignParticipatingInterests_loc"/>
    <link:presentationArc xlink:type="arc" xlink:arcrole="http://www.xbrl.org/2003/arcrole/parent-child" xlink:from="kvk_EquityLineItemsTitle_loc" xlink:to="vanoord_TranslationDifferencesForeignParticipatingInterests_loc" order="3.0"/>
    <link:loc xlink:type="locator" xlink:href="24355843-2022-12-31.xsd#vanoord_TotalDirectChangesShareholderEquityVanOordNV" xlink:label="vanoord_TotalDirectChangesShareholderEquityVanOordNV_loc"/>
    <link:presentationArc xlink:type="arc" xlink:arcrole="http://www.xbrl.org/2003/arcrole/parent-child" xlink:from="kvk_EquityLineItemsTitle_loc" xlink:to="vanoord_TotalDirectChangesShareholderEquityVanOordNV_loc" order="5.0"/>
    <link:loc xlink:type="locator" xlink:href="24355843-2022-12-31.xsd#vanoord_TotalProfitLossLegalEntity" xlink:label="vanoord_TotalProfitLossLegalEntity_loc"/>
    <link:presentationArc xlink:type="arc" xlink:arcrole="http://www.xbrl.org/2003/arcrole/parent-child" xlink:from="kvk_EquityLineItemsTitle_loc" xlink:to="vanoord_TotalProfitLossLegalEntity_loc" order="6.0"/>
    <link:loc xlink:type="locator" xlink:href="https://www.nltaxonomie.nl/jenv/taxonomy/2025-01-01/jenv-bw2_cor.xsd#jenv-bw2_NetResultAfterTax" xlink:label="jenv-bw2_NetResultAfterTax_loc"/>
    <link:presentationArc xlink:type="arc" xlink:arcrole="http://www.xbrl.org/2003/arcrole/parent-child" xlink:from="kvk_EquityLineItemsTitle_loc" xlink:to="jenv-bw2_NetResultAfterTax_loc" order="2.0" preferredLabel="http://www.xbrl.org/2003/role/negativeVerboseLabel"/>
    <link:loc xlink:type="locator" xlink:href="https://www.nltaxonomie.nl/jenv/taxonomy/2025-01-01/jenv-bw2_cor.xsd#jenv-bw2_ClassesOfEquityAxis" xlink:label="jenv-bw2_ClassesOfEquityAxis_loc"/>
    <link:presentationArc xlink:type="arc" xlink:arcrole="http://www.xbrl.org/2003/arcrole/parent-child" xlink:from="vanoord_StatementOfChangesInEquityTable_loc" xlink:to="jenv-bw2_ClassesOfEquityAxis_loc" order="1.0"/>
    <link:loc xlink:type="locator" xlink:href="https://www.nltaxonomie.nl/jenv/taxonomy/2025-01-01/jenv-bw2_cor.xsd#jenv-bw2_EquityMember" xlink:label="jenv-bw2_EquityMember_loc"/>
    <link:presentationArc xlink:type="arc" xlink:arcrole="http://www.xbrl.org/2003/arcrole/parent-child" xlink:from="jenv-bw2_ClassesOfEquityAxis_loc" xlink:to="jenv-bw2_EquityMember_loc" order="1.0"/>
  </link:presentationLink>
</link:linkbase>
