<?xml version="1.0" encoding="UTF-8"?>
<tp:taxonomyPackage xml:lang="en" xmlns:tp="http://xbrl.org/2016/taxonomy-package" xmlns:xsi="http://www.w3.org/2001/XMLSchema-instance" xsi:schemaLocation="http://xbrl.org/2016/taxonomy-package http://www.xbrl.org/2016/taxonomy-package.xsd">
	<tp:identifier>https://www.nltaxonomie.nl/sbr/taxonomy/2025-01-01</tp:identifier>
	<tp:name>SBR Taxonomy 2024</tp:name>
	<tp:description></tp:description>
	<tp:version>0.1.0</tp:version>
	<tp:publisher>SBR</tp:publisher>
	<tp:publisherURL>https://www.nltaxonomie.nl/sbr</tp:publisherURL>
	<tp:publisherCountry>NL</tp:publisherCountry>
	<tp:publicationDate>2025-01-01</tp:publicationDate>
	<tp:entryPoints>
		<tp:entryPoint>
			<tp:name>SBR ISO 19160-4 2023</tp:name>
			<tp:description></tp:description>
			<tp:entryPointDocument href="https://www.nltaxonomie.nl/sbr/taxonomy/2025-01-01/iso_19160-4_2023.xsd" />
		</tp:entryPoint>
    <tp:entryPoint>
			<tp:name>SBR NEN 1888 2002</tp:name>
			<tp:description></tp:description>
			<tp:entryPointDocument href="https://www.nltaxonomie.nl/sbr/taxonomy/2025-01-01/nen_1888_2002.xsd" />
		</tp:entryPoint>
    <tp:entryPoint>
			<tp:name>SBR NEN 5825 2002</tp:name>
			<tp:description></tp:description>
			<tp:entryPointDocument href="https://www.nltaxonomie.nl/sbr/taxonomy/2025-01-01/nen_5825_2002.xsd" />
		</tp:entryPoint>
	</tp:entryPoints>
</tp:taxonomyPackage>