<?xml version="1.0" encoding="UTF-8"?>
<link:linkbase xmlns:link="http://www.xbrl.org/2003/linkbase" xmlns:xbrldt="http://xbrl.org/2005/xbrldt" xmlns:xlink="http://www.w3.org/1999/xlink">
    <link:roleRef roleURI="https://www.rjnet.nl/taxonomy/2025-01-01/rj_cor/financial-statement-ee" xlink:href="rj_cor.xsd#rj_cor_FinancialStatementEE" xlink:type="simple" />
    <link:roleRef roleURI="https://www.rjnet.nl/taxonomy/2025-01-01/rj_cor/stages-of-adoption-ee" xlink:href="rj_cor.xsd#rj_cor_StagesOfAdoptionEE" xlink:type="simple" />
    <link:roleRef roleURI="https://www.rjnet.nl/taxonomy/2025-01-01/rj_cor/related-party-main-activities-ee" xlink:href="rj_cor.xsd#rj_cor_RelatedPartyMainActivitiesEE" xlink:type="simple" />
    <link:arcroleRef arcroleURI="http://xbrl.org/int/dim/arcrole/domain-member" xlink:href="http://www.xbrl.org/2005/xbrldt-2005.xsd#domain-member" xlink:type="simple" />
    <link:definitionLink xlink:role="https://www.rjnet.nl/taxonomy/2025-01-01/rj_cor/financial-statement-ee" xlink:type="extended">
        <link:loc xlink:href="rj_cor.xsd#rj_cor_FinancialStatementDomain" xlink:label="loc_1" xlink:type="locator" />
        <link:loc xlink:href="rj_cor.xsd#rj_cor_FinancialStatementConsolidated" xlink:label="loc_2" xlink:type="locator" />
        <link:loc xlink:href="rj_cor.xsd#rj_cor_FinancialStatementConsolidatedSeparate" xlink:label="loc_3" xlink:type="locator" />
        <link:loc xlink:href="rj_cor.xsd#rj_cor_FinancialStatementSeparate" xlink:label="loc_4" xlink:type="locator" />
        <link:definitionArc xbrldt:usable="true" xlink:arcrole="http://xbrl.org/int/dim/arcrole/domain-member" xlink:from="loc_1" xlink:to="loc_2" xlink:type="arc" />
        <link:definitionArc xbrldt:usable="true" xlink:arcrole="http://xbrl.org/int/dim/arcrole/domain-member" xlink:from="loc_1" xlink:to="loc_3" xlink:type="arc" />
        <link:definitionArc xbrldt:usable="true" xlink:arcrole="http://xbrl.org/int/dim/arcrole/domain-member" xlink:from="loc_1" xlink:to="loc_4" xlink:type="arc" />
    </link:definitionLink>
    <link:definitionLink xlink:role="https://www.rjnet.nl/taxonomy/2025-01-01/rj_cor/stages-of-adoption-ee" xlink:type="extended">
        <link:loc xlink:href="rj_cor.xsd#rj_cor_StagesOfAdoptionDomain" xlink:label="loc_1" xlink:type="locator" />
        <link:loc xlink:href="rj_cor.xsd#rj_cor_DefinitiveAdoptionNZA" xlink:label="loc_2" xlink:type="locator" />
        <link:loc xlink:href="rj_cor.xsd#rj_cor_InternalCalculation" xlink:label="loc_3" xlink:type="locator" />
        <link:loc xlink:href="rj_cor.xsd#rj_cor_AgreementHealthcareInsurer" xlink:label="loc_4" xlink:type="locator" />
        <link:definitionArc xbrldt:usable="true" xlink:arcrole="http://xbrl.org/int/dim/arcrole/domain-member" xlink:from="loc_1" xlink:to="loc_2" xlink:type="arc" />
        <link:definitionArc xbrldt:usable="true" xlink:arcrole="http://xbrl.org/int/dim/arcrole/domain-member" xlink:from="loc_1" xlink:to="loc_3" xlink:type="arc" />
        <link:definitionArc xbrldt:usable="true" xlink:arcrole="http://xbrl.org/int/dim/arcrole/domain-member" xlink:from="loc_1" xlink:to="loc_4" xlink:type="arc" />
    </link:definitionLink>
    <link:definitionLink xlink:role="https://www.rjnet.nl/taxonomy/2025-01-01/rj_cor/related-party-main-activities-ee" xlink:type="extended">
        <link:loc xlink:href="rj_cor.xsd#rj_cor_RelatedPartyMainActivitiesDomain" xlink:label="loc_1" xlink:type="locator" />
        <link:loc xlink:href="rj_cor.xsd#rj_cor_ContractTeaching" xlink:label="loc_2" xlink:type="locator" />
        <link:loc xlink:href="rj_cor.xsd#rj_cor_ContractResearch" xlink:label="loc_3" xlink:type="locator" />
        <link:loc xlink:href="rj_cor.xsd#rj_cor_RealEstate" xlink:label="loc_4" xlink:type="locator" />
        <link:loc xlink:href="rj_cor.xsd#rj_cor_OtherActivities" xlink:label="loc_5" xlink:type="locator" />
        <link:definitionArc xbrldt:usable="true" xlink:arcrole="http://xbrl.org/int/dim/arcrole/domain-member" xlink:from="loc_1" xlink:to="loc_2" xlink:type="arc" />
        <link:definitionArc xbrldt:usable="true" xlink:arcrole="http://xbrl.org/int/dim/arcrole/domain-member" xlink:from="loc_1" xlink:to="loc_3" xlink:type="arc" />
        <link:definitionArc xbrldt:usable="true" xlink:arcrole="http://xbrl.org/int/dim/arcrole/domain-member" xlink:from="loc_1" xlink:to="loc_4" xlink:type="arc" />
        <link:definitionArc xbrldt:usable="true" xlink:arcrole="http://xbrl.org/int/dim/arcrole/domain-member" xlink:from="loc_1" xlink:to="loc_5" xlink:type="arc" />
    </link:definitionLink>
</link:linkbase>