<?xml version="1.0" encoding="UTF-8"?>
<link:linkbase xmlns:xsi="http://www.w3.org/2001/XMLSchema-instance" xsi:schemaLocation="http://www.xbrl.org/2003/linkbase http://www.xbrl.org/2003/xbrl-linkbase-2003-12-31.xsd http://www.w3.org/1999/xlink http://www.xbrl.org/2003/xlink-2003-12-31.xsd http://xbrl.org/2008/label http://www.xbrl.org/2008/generic-label.xsd http://xbrl.org/2008/generic http://www.xbrl.org/2008/generic-link.xsd" xmlns:gen="http://xbrl.org/2008/generic" xmlns:link="http://www.xbrl.org/2003/linkbase" xmlns:xlink="http://www.w3.org/1999/xlink" xmlns:label="http://xbrl.org/2008/label">
  <link:roleRef roleURI="http://www.xbrl.org/2008/role/label" xlink:type="simple" xlink:href="http://www.xbrl.org/2008/generic-label.xsd#standard-label"/>
  <link:roleRef roleURI="http://www.xbrl.org/2008/role/link" xlink:type="simple" xlink:href="http://www.xbrl.org/2008/generic-link.xsd#standard-link-role"/>
  <link:arcroleRef arcroleURI="http://xbrl.org/arcrole/2008/element-label" xlink:type="simple" xlink:href="http://www.xbrl.org/2008/generic-label.xsd#element-label"/>
  <gen:link xlink:type="extended" xlink:role="http://www.xbrl.org/2008/role/link">
    <link:loc xlink:type="locator" xlink:href="jenv-bw2_cor.xsd#jenv-bw2_CategoryEmployeesManagerialPositionsTypedMember" xlink:label="jenv-bw2_CategoryEmployeesManagerialPositionsTypedMember_loc"/>
    <label:label xlink:type="resource" xlink:label="jenv-bw2_CategoryEmployeesManagerialPositionsTypedMember_label_nl" xlink:role="http://www.xbrl.org/2008/role/label" xml:lang="nl" id="jenv-bw2_CategoryEmployeesManagerialPositionsTypedMember_label_nl">Categorie werknemers in leidinggevende functies</label:label>
    <gen:arc xlink:type="arc" xlink:arcrole="http://xbrl.org/arcrole/2008/element-label" xlink:from="jenv-bw2_CategoryEmployeesManagerialPositionsTypedMember_loc" xlink:to="jenv-bw2_CategoryEmployeesManagerialPositionsTypedMember_label_nl"/>
    <link:loc xlink:type="locator" xlink:href="jenv-bw2_cor.xsd#jenv-bw2_DerivativeFinancialInstrumentTypedMember" xlink:label="jenv-bw2_DerivativeFinancialInstrumentTypedMember_loc"/>
    <label:label xlink:type="resource" xlink:label="jenv-bw2_DerivativeFinancialInstrumentTypedMember_label_nl" xlink:role="http://www.xbrl.org/2008/role/label" xml:lang="nl" id="jenv-bw2_DerivativeFinancialInstrumentTypedMember_label_nl">Categorie van afgeleid financieel instrument</label:label>
    <gen:arc xlink:type="arc" xlink:arcrole="http://xbrl.org/arcrole/2008/element-label" xlink:from="jenv-bw2_DerivativeFinancialInstrumentTypedMember_loc" xlink:to="jenv-bw2_DerivativeFinancialInstrumentTypedMember_label_nl"/>
    <link:loc xlink:type="locator" xlink:href="jenv-bw2_cor.xsd#jenv-bw2_FinancialInstrumentsCurrentValueTypedMember" xlink:label="jenv-bw2_FinancialInstrumentsCurrentValueTypedMember_loc"/>
    <label:label xlink:type="resource" xlink:label="jenv-bw2_FinancialInstrumentsCurrentValueTypedMember_label_nl" xlink:role="http://www.xbrl.org/2008/role/label" xml:lang="nl" id="jenv-bw2_FinancialInstrumentsCurrentValueTypedMember_label_nl">Categorie van financieel instrument</label:label>
    <gen:arc xlink:type="arc" xlink:arcrole="http://xbrl.org/arcrole/2008/element-label" xlink:from="jenv-bw2_FinancialInstrumentsCurrentValueTypedMember_loc" xlink:to="jenv-bw2_FinancialInstrumentsCurrentValueTypedMember_label_nl"/>
    <link:loc xlink:type="locator" xlink:href="jenv-bw2_cor.xsd#jenv-bw2_FinancialInstrumentsHigherValueThanFairValueTypedMember" xlink:label="jenv-bw2_FinancialInstrumentsHigherValueThanFairValueTypedMember_loc"/>
    <label:label xlink:type="resource" xlink:label="jenv-bw2_FinancialInstrumentsHigherValueThanFairValueTypedMember_label_nl" xlink:role="http://www.xbrl.org/2008/role/label" xml:lang="nl" id="jenv-bw2_FinancialInstrumentsHigherValueThanFairValueTypedMember_label_nl">Categorie van financieel instrument gewaardeerd tegen hogere waarde dan reële waarde</label:label>
    <gen:arc xlink:type="arc" xlink:arcrole="http://xbrl.org/arcrole/2008/element-label" xlink:from="jenv-bw2_FinancialInstrumentsHigherValueThanFairValueTypedMember_loc" xlink:to="jenv-bw2_FinancialInstrumentsHigherValueThanFairValueTypedMember_label_nl"/>
    <link:loc xlink:type="locator" xlink:href="jenv-bw2_cor.xsd#jenv-bw2_HedgeInstrumentTypedMember" xlink:label="jenv-bw2_HedgeInstrumentTypedMember_loc"/>
    <label:label xlink:type="resource" xlink:label="jenv-bw2_HedgeInstrumentTypedMember_label_nl" xlink:role="http://www.xbrl.org/2008/role/label" xml:lang="nl" id="jenv-bw2_HedgeInstrumentTypedMember_label_nl">Hedge instrument</label:label>
    <gen:arc xlink:type="arc" xlink:arcrole="http://xbrl.org/arcrole/2008/element-label" xlink:from="jenv-bw2_HedgeInstrumentTypedMember_loc" xlink:to="jenv-bw2_HedgeInstrumentTypedMember_label_nl"/>
    <link:loc xlink:type="locator" xlink:href="jenv-bw2_cor.xsd#jenv-bw2_LegalEntityNamesParticipatingInterestsWithoutLegalPersonalityTypedMember" xlink:label="jenv-bw2_LegalEntityNamesParticipatingInterestsWithoutLegalPersonalityTypedMember_loc"/>
    <label:label xlink:type="resource" xlink:label="jenv-bw2_LegalEntityNamesParticipatingInterestsWithoutLegalPersonalityTypedMember_label_nl" xlink:role="http://www.xbrl.org/2008/role/label" xml:lang="nl" id="jenv-bw2_LegalEntityNamesParticipatingInterestsWithoutLegalPersonalityTypedMember_label_nl">Naam van dochtermaatschappij zonder rechtspersoonlijkheid</label:label>
    <gen:arc xlink:type="arc" xlink:arcrole="http://xbrl.org/arcrole/2008/element-label" xlink:from="jenv-bw2_LegalEntityNamesParticipatingInterestsWithoutLegalPersonalityTypedMember_loc" xlink:to="jenv-bw2_LegalEntityNamesParticipatingInterestsWithoutLegalPersonalityTypedMember_label_nl"/>
    <link:loc xlink:type="locator" xlink:href="jenv-bw2_cor.xsd#jenv-bw2_LegalEntityTypedMember" xlink:label="jenv-bw2_LegalEntityTypedMember_loc"/>
    <label:label xlink:type="resource" xlink:label="jenv-bw2_LegalEntityTypedMember_label_nl" xlink:role="http://www.xbrl.org/2008/role/label" xml:lang="nl" id="jenv-bw2_LegalEntityTypedMember_label_nl">Rechtspersoon</label:label>
    <gen:arc xlink:type="arc" xlink:arcrole="http://xbrl.org/arcrole/2008/element-label" xlink:from="jenv-bw2_LegalEntityTypedMember_loc" xlink:to="jenv-bw2_LegalEntityTypedMember_label_nl"/>
    <link:loc xlink:type="locator" xlink:href="jenv-bw2_cor.xsd#jenv-bw2_LiabilitiesOtherTypedMember" xlink:label="jenv-bw2_LiabilitiesOtherTypedMember_loc"/>
    <label:label xlink:type="resource" xlink:label="jenv-bw2_LiabilitiesOtherTypedMember_label_nl" xlink:role="http://www.xbrl.org/2008/role/label" xml:lang="nl" id="jenv-bw2_LiabilitiesOtherTypedMember_label_nl">Categorie van overige schulden</label:label>
    <gen:arc xlink:type="arc" xlink:arcrole="http://xbrl.org/arcrole/2008/element-label" xlink:from="jenv-bw2_LiabilitiesOtherTypedMember_loc" xlink:to="jenv-bw2_LiabilitiesOtherTypedMember_label_nl"/>
    <link:loc xlink:type="locator" xlink:href="jenv-bw2_cor.xsd#jenv-bw2_ManagingDirectorTypedMember" xlink:label="jenv-bw2_ManagingDirectorTypedMember_loc"/>
    <label:label xlink:type="resource" xlink:label="jenv-bw2_ManagingDirectorTypedMember_label_nl" xlink:role="http://www.xbrl.org/2008/role/label" xml:lang="nl" id="jenv-bw2_ManagingDirectorTypedMember_label_nl">Bestuurder</label:label>
    <gen:arc xlink:type="arc" xlink:arcrole="http://xbrl.org/arcrole/2008/element-label" xlink:from="jenv-bw2_ManagingDirectorTypedMember_loc" xlink:to="jenv-bw2_ManagingDirectorTypedMember_label_nl"/>
    <link:loc xlink:type="locator" xlink:href="jenv-bw2_cor.xsd#jenv-bw2_ManagingOrSupervisoryDirectorOrRepresentativeTypedMember" xlink:label="jenv-bw2_ManagingOrSupervisoryDirectorOrRepresentativeTypedMember_loc"/>
    <label:label xlink:type="resource" xlink:label="jenv-bw2_ManagingOrSupervisoryDirectorOrRepresentativeTypedMember_label_nl" xlink:role="http://www.xbrl.org/2008/role/label" xml:lang="nl" id="jenv-bw2_ManagingOrSupervisoryDirectorOrRepresentativeTypedMember_label_nl">Naam bestuurder, commissaris en vertegenwoordiger</label:label>
    <gen:arc xlink:type="arc" xlink:arcrole="http://xbrl.org/arcrole/2008/element-label" xlink:from="jenv-bw2_ManagingOrSupervisoryDirectorOrRepresentativeTypedMember_loc" xlink:to="jenv-bw2_ManagingOrSupervisoryDirectorOrRepresentativeTypedMember_label_nl"/>
    <link:loc xlink:type="locator" xlink:href="jenv-bw2_cor.xsd#jenv-bw2_NameBeneficiarySpecialGoverningControlStructureTypedMember" xlink:label="jenv-bw2_NameBeneficiarySpecialGoverningControlStructureTypedMember_loc"/>
    <label:label xlink:type="resource" xlink:label="jenv-bw2_NameBeneficiarySpecialGoverningControlStructureTypedMember_label_nl" xlink:role="http://www.xbrl.org/2008/role/label" xml:lang="nl" id="jenv-bw2_NameBeneficiarySpecialGoverningControlStructureTypedMember_label_nl">Naam van begunstigde van bijzonder statutair recht inzake zeggenschap</label:label>
    <gen:arc xlink:type="arc" xlink:arcrole="http://xbrl.org/arcrole/2008/element-label" xlink:from="jenv-bw2_NameBeneficiarySpecialGoverningControlStructureTypedMember_loc" xlink:to="jenv-bw2_NameBeneficiarySpecialGoverningControlStructureTypedMember_label_nl"/>
    <link:loc xlink:type="locator" xlink:href="jenv-bw2_cor.xsd#jenv-bw2_NetRevenueGeographicTypedMember" xlink:label="jenv-bw2_NetRevenueGeographicTypedMember_loc"/>
    <label:label xlink:type="resource" xlink:label="jenv-bw2_NetRevenueGeographicTypedMember_label_nl" xlink:role="http://www.xbrl.org/2008/role/label" xml:lang="nl" id="jenv-bw2_NetRevenueGeographicTypedMember_label_nl">Netto-omzet, geografisch gebied</label:label>
    <gen:arc xlink:type="arc" xlink:arcrole="http://xbrl.org/arcrole/2008/element-label" xlink:from="jenv-bw2_NetRevenueGeographicTypedMember_loc" xlink:to="jenv-bw2_NetRevenueGeographicTypedMember_label_nl"/>
    <link:loc xlink:type="locator" xlink:href="jenv-bw2_cor.xsd#jenv-bw2_NetRevenueIndustryTypedMember" xlink:label="jenv-bw2_NetRevenueIndustryTypedMember_loc"/>
    <label:label xlink:type="resource" xlink:label="jenv-bw2_NetRevenueIndustryTypedMember_label_nl" xlink:role="http://www.xbrl.org/2008/role/label" xml:lang="nl" id="jenv-bw2_NetRevenueIndustryTypedMember_label_nl">Netto-omzet, bedrijfstak</label:label>
    <gen:arc xlink:type="arc" xlink:arcrole="http://xbrl.org/arcrole/2008/element-label" xlink:from="jenv-bw2_NetRevenueIndustryTypedMember_loc" xlink:to="jenv-bw2_NetRevenueIndustryTypedMember_label_nl"/>
    <link:loc xlink:type="locator" xlink:href="jenv-bw2_cor.xsd#jenv-bw2_ReceivablesOtherAffiliatedCompaniesCurrentTypedMember" xlink:label="jenv-bw2_ReceivablesOtherAffiliatedCompaniesCurrentTypedMember_loc"/>
    <label:label xlink:type="resource" xlink:label="jenv-bw2_ReceivablesOtherAffiliatedCompaniesCurrentTypedMember_label_nl" xlink:role="http://www.xbrl.org/2008/role/label" xml:lang="nl" id="jenv-bw2_ReceivablesOtherAffiliatedCompaniesCurrentTypedMember_label_nl">Categorie van kortlopende vorderingen op overige verbonden maatschappijen</label:label>
    <gen:arc xlink:type="arc" xlink:arcrole="http://xbrl.org/arcrole/2008/element-label" xlink:from="jenv-bw2_ReceivablesOtherAffiliatedCompaniesCurrentTypedMember_loc" xlink:to="jenv-bw2_ReceivablesOtherAffiliatedCompaniesCurrentTypedMember_label_nl"/>
    <link:loc xlink:type="locator" xlink:href="jenv-bw2_cor.xsd#jenv-bw2_ReceivablesOtherTypedMember" xlink:label="jenv-bw2_ReceivablesOtherTypedMember_loc"/>
    <label:label xlink:type="resource" xlink:label="jenv-bw2_ReceivablesOtherTypedMember_label_nl" xlink:role="http://www.xbrl.org/2008/role/label" xml:lang="nl" id="jenv-bw2_ReceivablesOtherTypedMember_label_nl">Categorie van overige vorderingen</label:label>
    <gen:arc xlink:type="arc" xlink:arcrole="http://xbrl.org/arcrole/2008/element-label" xlink:from="jenv-bw2_ReceivablesOtherTypedMember_loc" xlink:to="jenv-bw2_ReceivablesOtherTypedMember_label_nl"/>
    <link:loc xlink:type="locator" xlink:href="jenv-bw2_cor.xsd#jenv-bw2_RelatedPartyTransactionDetailsTypedMember" xlink:label="jenv-bw2_RelatedPartyTransactionDetailsTypedMember_loc"/>
    <label:label xlink:type="resource" xlink:label="jenv-bw2_RelatedPartyTransactionDetailsTypedMember_label_nl" xlink:role="http://www.xbrl.org/2008/role/label" xml:lang="nl" id="jenv-bw2_RelatedPartyTransactionDetailsTypedMember_label_nl">Details van transacties met verbonden partijen</label:label>
    <gen:arc xlink:type="arc" xlink:arcrole="http://xbrl.org/arcrole/2008/element-label" xlink:from="jenv-bw2_RelatedPartyTransactionDetailsTypedMember_loc" xlink:to="jenv-bw2_RelatedPartyTransactionDetailsTypedMember_label_nl"/>
    <link:loc xlink:type="locator" xlink:href="jenv-bw2_cor.xsd#jenv-bw2_SegmentForAverageNumberEmployeesTypedMember" xlink:label="jenv-bw2_SegmentForAverageNumberEmployeesTypedMember_loc"/>
    <label:label xlink:type="resource" xlink:label="jenv-bw2_SegmentForAverageNumberEmployeesTypedMember_label_nl" xlink:role="http://www.xbrl.org/2008/role/label" xml:lang="nl" id="jenv-bw2_SegmentForAverageNumberEmployeesTypedMember_label_nl">Segment voor gemiddeld aantal werknemers over de periode</label:label>
    <gen:arc xlink:type="arc" xlink:arcrole="http://xbrl.org/arcrole/2008/element-label" xlink:from="jenv-bw2_SegmentForAverageNumberEmployeesTypedMember_loc" xlink:to="jenv-bw2_SegmentForAverageNumberEmployeesTypedMember_label_nl"/>
    <link:loc xlink:type="locator" xlink:href="jenv-bw2_cor.xsd#jenv-bw2_ShareBasedPaymentsSpecificationTypedMember" xlink:label="jenv-bw2_ShareBasedPaymentsSpecificationTypedMember_loc"/>
    <label:label xlink:type="resource" xlink:label="jenv-bw2_ShareBasedPaymentsSpecificationTypedMember_label_nl" xlink:role="http://www.xbrl.org/2008/role/label" xml:lang="nl" id="jenv-bw2_ShareBasedPaymentsSpecificationTypedMember_label_nl">Specificatie voor op aandelen gebaseerde betalingen</label:label>
    <gen:arc xlink:type="arc" xlink:arcrole="http://xbrl.org/arcrole/2008/element-label" xlink:from="jenv-bw2_ShareBasedPaymentsSpecificationTypedMember_loc" xlink:to="jenv-bw2_ShareBasedPaymentsSpecificationTypedMember_label_nl"/>
    <link:loc xlink:type="locator" xlink:href="jenv-bw2_cor.xsd#jenv-bw2_ShareCapitalEarningsPerShareTypedMember" xlink:label="jenv-bw2_ShareCapitalEarningsPerShareTypedMember_loc"/>
    <label:label xlink:type="resource" xlink:label="jenv-bw2_ShareCapitalEarningsPerShareTypedMember_label_nl" xlink:role="http://www.xbrl.org/2008/role/label" xml:lang="nl" id="jenv-bw2_ShareCapitalEarningsPerShareTypedMember_label_nl">Aandelenkapitaal winst per aandeel</label:label>
    <gen:arc xlink:type="arc" xlink:arcrole="http://xbrl.org/arcrole/2008/element-label" xlink:from="jenv-bw2_ShareCapitalEarningsPerShareTypedMember_loc" xlink:to="jenv-bw2_ShareCapitalEarningsPerShareTypedMember_label_nl"/>
    <link:loc xlink:type="locator" xlink:href="jenv-bw2_cor.xsd#jenv-bw2_ShareCapitalNumberOfSharesTypedMember" xlink:label="jenv-bw2_ShareCapitalNumberOfSharesTypedMember_loc"/>
    <label:label xlink:type="resource" xlink:label="jenv-bw2_ShareCapitalNumberOfSharesTypedMember_label_nl" xlink:role="http://www.xbrl.org/2008/role/label" xml:lang="nl" id="jenv-bw2_ShareCapitalNumberOfSharesTypedMember_label_nl">Aandelenkapitaal (aantal aandelen)</label:label>
    <gen:arc xlink:type="arc" xlink:arcrole="http://xbrl.org/arcrole/2008/element-label" xlink:from="jenv-bw2_ShareCapitalNumberOfSharesTypedMember_loc" xlink:to="jenv-bw2_ShareCapitalNumberOfSharesTypedMember_label_nl"/>
    <link:loc xlink:type="locator" xlink:href="jenv-bw2_cor.xsd#jenv-bw2_ShareCapitalTypedMember" xlink:label="jenv-bw2_ShareCapitalTypedMember_loc"/>
    <label:label xlink:type="resource" xlink:label="jenv-bw2_ShareCapitalTypedMember_label_nl" xlink:role="http://www.xbrl.org/2008/role/label" xml:lang="nl" id="jenv-bw2_ShareCapitalTypedMember_label_nl">Aandelenkapitaal</label:label>
    <gen:arc xlink:type="arc" xlink:arcrole="http://xbrl.org/arcrole/2008/element-label" xlink:from="jenv-bw2_ShareCapitalTypedMember_loc" xlink:to="jenv-bw2_ShareCapitalTypedMember_label_nl"/>
    <link:loc xlink:type="locator" xlink:href="jenv-bw2_cor.xsd#jenv-bw2_SupervisoryDirectorTypedMember" xlink:label="jenv-bw2_SupervisoryDirectorTypedMember_loc"/>
    <label:label xlink:type="resource" xlink:label="jenv-bw2_SupervisoryDirectorTypedMember_label_nl" xlink:role="http://www.xbrl.org/2008/role/label" xml:lang="nl" id="jenv-bw2_SupervisoryDirectorTypedMember_label_nl">Commissaris</label:label>
    <gen:arc xlink:type="arc" xlink:arcrole="http://xbrl.org/arcrole/2008/element-label" xlink:from="jenv-bw2_SupervisoryDirectorTypedMember_loc" xlink:to="jenv-bw2_SupervisoryDirectorTypedMember_label_nl"/>
    <link:loc xlink:type="locator" xlink:href="jenv-bw2_cor.xsd#jenv-bw2_BasisOfPreparationEE" xlink:label="jenv-bw2_BasisOfPreparationEE_loc"/>
    <label:label xlink:type="resource" xlink:label="jenv-bw2_BasisOfPreparationEE_label_nl" xlink:role="http://www.xbrl.org/2008/role/label" xml:lang="nl" id="jenv-bw2_BasisOfPreparationEE_label_nl">Type grondslag (EE)</label:label>
    <gen:arc xlink:type="arc" xlink:arcrole="http://xbrl.org/arcrole/2008/element-label" xlink:from="jenv-bw2_BasisOfPreparationEE_loc" xlink:to="jenv-bw2_BasisOfPreparationEE_label_nl"/>
    <link:loc xlink:type="locator" xlink:href="jenv-bw2_cor.xsd#jenv-bw2_DirectorEE" xlink:label="jenv-bw2_DirectorEE_loc"/>
    <label:label xlink:type="resource" xlink:label="jenv-bw2_DirectorEE_label_nl" xlink:role="http://www.xbrl.org/2008/role/label" xml:lang="nl" id="jenv-bw2_DirectorEE_label_nl">Bestuurder / commissaris (EE)</label:label>
    <gen:arc xlink:type="arc" xlink:arcrole="http://xbrl.org/arcrole/2008/element-label" xlink:from="jenv-bw2_DirectorEE_loc" xlink:to="jenv-bw2_DirectorEE_label_nl"/>
    <link:loc xlink:type="locator" xlink:href="jenv-bw2_cor.xsd#jenv-bw2_LegalFormEE" xlink:label="jenv-bw2_LegalFormEE_loc"/>
    <label:label xlink:type="resource" xlink:label="jenv-bw2_LegalFormEE_label_nl" xlink:role="http://www.xbrl.org/2008/role/label" xml:lang="nl" id="jenv-bw2_LegalFormEE_label_nl">Rechtsvorm (EE)</label:label>
    <gen:arc xlink:type="arc" xlink:arcrole="http://xbrl.org/arcrole/2008/element-label" xlink:from="jenv-bw2_LegalFormEE_loc" xlink:to="jenv-bw2_LegalFormEE_label_nl"/>
    <link:loc xlink:type="locator" xlink:href="jenv-bw2_cor.xsd#jenv-bw2_ProfitAppropriationEE" xlink:label="jenv-bw2_ProfitAppropriationEE_loc"/>
    <label:label xlink:type="resource" xlink:label="jenv-bw2_ProfitAppropriationEE_label_nl" xlink:role="http://www.xbrl.org/2008/role/label" xml:lang="nl" id="jenv-bw2_ProfitAppropriationEE_label_nl">Resultaat bestemming (EE)</label:label>
    <gen:arc xlink:type="arc" xlink:arcrole="http://xbrl.org/arcrole/2008/element-label" xlink:from="jenv-bw2_ProfitAppropriationEE_loc" xlink:to="jenv-bw2_ProfitAppropriationEE_label_nl"/>
  </gen:link>
</link:linkbase>
