<?xml version="1.0" encoding="UTF-8"?>
<link:linkbase xmlns:xsi="http://www.w3.org/2001/XMLSchema-instance" xsi:schemaLocation="http://www.xbrl.org/2003/linkbase http://www.xbrl.org/2003/xbrl-linkbase-2003-12-31.xsd http://www.w3.org/1999/xlink http://www.xbrl.org/2003/xlink-2003-12-31.xsd http://xbrl.org/2008/label http://www.xbrl.org/2008/generic-label.xsd http://xbrl.org/2008/generic http://www.xbrl.org/2008/generic-link.xsd" xmlns:gen="http://xbrl.org/2008/generic" xmlns:link="http://www.xbrl.org/2003/linkbase" xmlns:label="http://xbrl.org/2008/label" xmlns:xlink="http://www.w3.org/1999/xlink">
  <link:roleRef roleURI="http://www.xbrl.org/2008/role/label" xlink:type="simple" xlink:href="http://www.xbrl.org/2008/generic-label.xsd#standard-label"/>
  <link:roleRef roleURI="http://www.xbrl.org/2008/role/link" xlink:type="simple" xlink:href="http://www.xbrl.org/2008/generic-link.xsd#standard-link-role"/>
  <link:roleRef roleURI="http://www.xbrl.org/2008/role/documentation" xlink:type="simple" xlink:href="http://www.xbrl.org/2008/generic-label.xsd#documentation"/>
  <link:roleRef roleURI="http://www.xbrl.org/2008/role/verboseLabel" xlink:type="simple" xlink:href="http://www.xbrl.org/2008/generic-label.xsd#verbose-label"/>
  <link:arcroleRef arcroleURI="http://xbrl.org/arcrole/2008/element-label" xlink:type="simple" xlink:href="http://www.xbrl.org/2008/generic-label.xsd#element-label"/>
  <gen:link xlink:type="extended" xlink:role="http://www.xbrl.org/2008/role/link">
    <link:loc xlink:type="locator" xlink:href="rj_cor.xsd#rj_AccruedIncomeOtherTypedMember" xlink:label="rj_AccruedIncomeOtherTypedMember_loc"/>
    <label:label xlink:type="resource" xlink:label="rj_AccruedIncomeOtherTypedMember_label_nl" xlink:role="http://www.xbrl.org/2008/role/label" xml:lang="nl" id="rj_AccruedIncomeOtherTypedMember_label_nl">Categorie van overige overlopende activa</label:label>
    <gen:arc xlink:type="arc" xlink:arcrole="http://xbrl.org/arcrole/2008/element-label" xlink:from="rj_AccruedIncomeOtherTypedMember_loc" xlink:to="rj_AccruedIncomeOtherTypedMember_label_nl"/>
    <link:loc xlink:type="locator" xlink:href="rj_cor.xsd#rj_AssetsCashFlowGeneratingUnitTypedMember" xlink:label="rj_AssetsCashFlowGeneratingUnitTypedMember_loc"/>
    <label:label xlink:type="resource" xlink:label="rj_AssetsCashFlowGeneratingUnitTypedMember_label_nl" xlink:role="http://www.xbrl.org/2008/role/label" xml:lang="nl" id="rj_AssetsCashFlowGeneratingUnitTypedMember_label_nl">Activa</label:label>
    <gen:arc xlink:type="arc" xlink:arcrole="http://xbrl.org/arcrole/2008/element-label" xlink:from="rj_AssetsCashFlowGeneratingUnitTypedMember_loc" xlink:to="rj_AssetsCashFlowGeneratingUnitTypedMember_label_nl"/>
    <link:loc xlink:type="locator" xlink:href="rj_cor.xsd#rj_AssetsFinancialLeasesTypedMember" xlink:label="rj_AssetsFinancialLeasesTypedMember_loc"/>
    <label:label xlink:type="resource" xlink:label="rj_AssetsFinancialLeasesTypedMember_label_nl" xlink:role="http://www.xbrl.org/2008/role/label" xml:lang="nl" id="rj_AssetsFinancialLeasesTypedMember_label_nl">Activa financiële leases</label:label>
    <gen:arc xlink:type="arc" xlink:arcrole="http://xbrl.org/arcrole/2008/element-label" xlink:from="rj_AssetsFinancialLeasesTypedMember_loc" xlink:to="rj_AssetsFinancialLeasesTypedMember_label_nl"/>
    <link:loc xlink:type="locator" xlink:href="rj_cor.xsd#rj_AssetsHeldAsInvestmentTypedMember" xlink:label="rj_AssetsHeldAsInvestmentTypedMember_loc"/>
    <label:label xlink:type="resource" xlink:label="rj_AssetsHeldAsInvestmentTypedMember_label_nl" xlink:role="http://www.xbrl.org/2008/role/label" xml:lang="nl" id="rj_AssetsHeldAsInvestmentTypedMember_label_nl">Activa aangehouden ter belegging</label:label>
    <gen:arc xlink:type="arc" xlink:arcrole="http://xbrl.org/arcrole/2008/element-label" xlink:from="rj_AssetsHeldAsInvestmentTypedMember_loc" xlink:to="rj_AssetsHeldAsInvestmentTypedMember_label_nl"/>
    <link:loc xlink:type="locator" xlink:href="rj_cor.xsd#rj_AssetsOtherTypedMember" xlink:label="rj_AssetsOtherTypedMember_loc"/>
    <label:label xlink:type="resource" xlink:label="rj_AssetsOtherTypedMember_label_nl" xlink:role="http://www.xbrl.org/2008/role/label" xml:lang="nl" id="rj_AssetsOtherTypedMember_label_nl">Categorie van overige activa</label:label>
    <gen:arc xlink:type="arc" xlink:arcrole="http://xbrl.org/arcrole/2008/element-label" xlink:from="rj_AssetsOtherTypedMember_loc" xlink:to="rj_AssetsOtherTypedMember_label_nl"/>
    <link:loc xlink:type="locator" xlink:href="rj_cor.xsd#rj_BoardOfDirectorsSupervisoryCommitteeTypedMember" xlink:label="rj_BoardOfDirectorsSupervisoryCommitteeTypedMember_loc"/>
    <label:label xlink:type="resource" xlink:label="rj_BoardOfDirectorsSupervisoryCommitteeTypedMember_label_nl" xlink:role="http://www.xbrl.org/2008/role/label" xml:lang="nl" id="rj_BoardOfDirectorsSupervisoryCommitteeTypedMember_label_nl">Directielid, het bestuurslid of toezichthoudend orgaanlid</label:label>
    <gen:arc xlink:type="arc" xlink:arcrole="http://xbrl.org/arcrole/2008/element-label" xlink:from="rj_BoardOfDirectorsSupervisoryCommitteeTypedMember_loc" xlink:to="rj_BoardOfDirectorsSupervisoryCommitteeTypedMember_label_nl"/>
    <link:loc xlink:type="locator" xlink:href="rj_cor.xsd#rj_CashflowGeneratingUnitTypedMember" xlink:label="rj_CashflowGeneratingUnitTypedMember_loc"/>
    <label:label xlink:type="resource" xlink:label="rj_CashflowGeneratingUnitTypedMember_label_nl" xlink:role="http://www.xbrl.org/2008/role/label" xml:lang="nl" id="rj_CashflowGeneratingUnitTypedMember_label_nl">Kasstroomgenererende eenheid</label:label>
    <gen:arc xlink:type="arc" xlink:arcrole="http://xbrl.org/arcrole/2008/element-label" xlink:from="rj_CashflowGeneratingUnitTypedMember_loc" xlink:to="rj_CashflowGeneratingUnitTypedMember_label_nl"/>
    <link:loc xlink:type="locator" xlink:href="rj_cor.xsd#rj_CentralGovernmentContributionsTypedMember" xlink:label="rj_CentralGovernmentContributionsTypedMember_loc"/>
    <label:label xlink:type="resource" xlink:label="rj_CentralGovernmentContributionsTypedMember_label_nl" xlink:role="http://www.xbrl.org/2008/role/label" xml:lang="nl" id="rj_CentralGovernmentContributionsTypedMember_label_nl">Rijksbijdragen</label:label>
    <gen:arc xlink:type="arc" xlink:arcrole="http://xbrl.org/arcrole/2008/element-label" xlink:from="rj_CentralGovernmentContributionsTypedMember_loc" xlink:to="rj_CentralGovernmentContributionsTypedMember_label_nl"/>
    <link:loc xlink:type="locator" xlink:href="rj_cor.xsd#rj_ChangeAccountingEstimatesTypedMember" xlink:label="rj_ChangeAccountingEstimatesTypedMember_loc"/>
    <label:label xlink:type="resource" xlink:label="rj_ChangeAccountingEstimatesTypedMember_label_nl" xlink:role="http://www.xbrl.org/2008/role/label" xml:lang="nl" id="rj_ChangeAccountingEstimatesTypedMember_label_nl">Schattingswijziging</label:label>
    <gen:arc xlink:type="arc" xlink:arcrole="http://xbrl.org/arcrole/2008/element-label" xlink:from="rj_ChangeAccountingEstimatesTypedMember_loc" xlink:to="rj_ChangeAccountingEstimatesTypedMember_label_nl"/>
    <link:loc xlink:type="locator" xlink:href="rj_cor.xsd#rj_ChangeAccountingPoliciesTypedMember" xlink:label="rj_ChangeAccountingPoliciesTypedMember_loc"/>
    <label:label xlink:type="resource" xlink:label="rj_ChangeAccountingPoliciesTypedMember_label_nl" xlink:role="http://www.xbrl.org/2008/role/label" xml:lang="nl" id="rj_ChangeAccountingPoliciesTypedMember_label_nl">Stelselwijziging</label:label>
    <gen:arc xlink:type="arc" xlink:arcrole="http://xbrl.org/arcrole/2008/element-label" xlink:from="rj_ChangeAccountingPoliciesTypedMember_loc" xlink:to="rj_ChangeAccountingPoliciesTypedMember_label_nl"/>
    <link:loc xlink:type="locator" xlink:href="rj_cor.xsd#rj_ClassOfSharesTypedMember" xlink:label="rj_ClassOfSharesTypedMember_loc"/>
    <label:label xlink:type="resource" xlink:label="rj_ClassOfSharesTypedMember_label_nl" xlink:role="http://www.xbrl.org/2008/role/label" xml:lang="nl" id="rj_ClassOfSharesTypedMember_label_nl">Aandelenklasse</label:label>
    <gen:arc xlink:type="arc" xlink:arcrole="http://xbrl.org/arcrole/2008/element-label" xlink:from="rj_ClassOfSharesTypedMember_loc" xlink:to="rj_ClassOfSharesTypedMember_label_nl"/>
    <link:loc xlink:type="locator" xlink:href="rj_cor.xsd#rj_ClassTypedMember" xlink:label="rj_ClassTypedMember_loc"/>
    <label:label xlink:type="resource" xlink:label="rj_ClassTypedMember_label_nl" xlink:role="http://www.xbrl.org/2008/role/label" xml:lang="nl" id="rj_ClassTypedMember_label_nl">Categorie</label:label>
    <gen:arc xlink:type="arc" xlink:arcrole="http://xbrl.org/arcrole/2008/element-label" xlink:from="rj_ClassTypedMember_loc" xlink:to="rj_ClassTypedMember_label_nl"/>
    <link:loc xlink:type="locator" xlink:href="rj_cor.xsd#rj_CollateralTypedMember" xlink:label="rj_CollateralTypedMember_loc"/>
    <label:label xlink:type="resource" xlink:label="rj_CollateralTypedMember_label_nl" xlink:role="http://www.xbrl.org/2008/role/label" xml:lang="nl" id="rj_CollateralTypedMember_label_nl">Zekerheid</label:label>
    <gen:arc xlink:type="arc" xlink:arcrole="http://xbrl.org/arcrole/2008/element-label" xlink:from="rj_CollateralTypedMember_loc" xlink:to="rj_CollateralTypedMember_label_nl"/>
    <link:loc xlink:type="locator" xlink:href="rj_cor.xsd#rj_CommercialActivitiesTypedMember" xlink:label="rj_CommercialActivitiesTypedMember_loc"/>
    <label:label xlink:type="resource" xlink:label="rj_CommercialActivitiesTypedMember_label_nl" xlink:role="http://www.xbrl.org/2008/role/label" xml:lang="nl" id="rj_CommercialActivitiesTypedMember_label_nl">Ondernemingsactiviteiten</label:label>
    <gen:arc xlink:type="arc" xlink:arcrole="http://xbrl.org/arcrole/2008/element-label" xlink:from="rj_CommercialActivitiesTypedMember_loc" xlink:to="rj_CommercialActivitiesTypedMember_label_nl"/>
    <link:loc xlink:type="locator" xlink:href="rj_cor.xsd#rj_ConstructionContractsTypedMember" xlink:label="rj_ConstructionContractsTypedMember_loc"/>
    <label:label xlink:type="resource" xlink:label="rj_ConstructionContractsTypedMember_label_nl" xlink:role="http://www.xbrl.org/2008/role/label" xml:lang="nl" id="rj_ConstructionContractsTypedMember_label_nl">Onderhanden projecten</label:label>
    <gen:arc xlink:type="arc" xlink:arcrole="http://xbrl.org/arcrole/2008/element-label" xlink:from="rj_ConstructionContractsTypedMember_loc" xlink:to="rj_ConstructionContractsTypedMember_label_nl"/>
    <link:loc xlink:type="locator" xlink:href="rj_cor.xsd#rj_ContingentLiabilitiesCategoryTypedMember" xlink:label="rj_ContingentLiabilitiesCategoryTypedMember_loc"/>
    <label:label xlink:type="resource" xlink:label="rj_ContingentLiabilitiesCategoryTypedMember_label_nl" xlink:role="http://www.xbrl.org/2008/role/label" xml:lang="nl" id="rj_ContingentLiabilitiesCategoryTypedMember_label_nl">Categorie van niet in de balans opgenomen verplichtingen</label:label>
    <gen:arc xlink:type="arc" xlink:arcrole="http://xbrl.org/arcrole/2008/element-label" xlink:from="rj_ContingentLiabilitiesCategoryTypedMember_loc" xlink:to="rj_ContingentLiabilitiesCategoryTypedMember_label_nl"/>
    <link:loc xlink:type="locator" xlink:href="rj_cor.xsd#rj_CreditRatingTypedMember" xlink:label="rj_CreditRatingTypedMember_loc"/>
    <label:label xlink:type="resource" xlink:label="rj_CreditRatingTypedMember_label_nl" xlink:role="http://www.xbrl.org/2008/role/label" xml:lang="nl" id="rj_CreditRatingTypedMember_label_nl">Creditrating</label:label>
    <gen:arc xlink:type="arc" xlink:arcrole="http://xbrl.org/arcrole/2008/element-label" xlink:from="rj_CreditRatingTypedMember_loc" xlink:to="rj_CreditRatingTypedMember_label_nl"/>
    <link:loc xlink:type="locator" xlink:href="rj_cor.xsd#rj_CurrencyTypedMember" xlink:label="rj_CurrencyTypedMember_loc"/>
    <label:label xlink:type="resource" xlink:label="rj_CurrencyTypedMember_label_nl" xlink:role="http://www.xbrl.org/2008/role/label" xml:lang="nl" id="rj_CurrencyTypedMember_label_nl">Valuta</label:label>
    <gen:arc xlink:type="arc" xlink:arcrole="http://xbrl.org/arcrole/2008/element-label" xlink:from="rj_CurrencyTypedMember_loc" xlink:to="rj_CurrencyTypedMember_label_nl"/>
    <link:loc xlink:type="locator" xlink:href="rj_cor.xsd#rj_DebtSecuritiesOtherTypedMember" xlink:label="rj_DebtSecuritiesOtherTypedMember_loc"/>
    <label:label xlink:type="resource" xlink:label="rj_DebtSecuritiesOtherTypedMember_label_nl" xlink:role="http://www.xbrl.org/2008/role/label" xml:lang="nl" id="rj_DebtSecuritiesOtherTypedMember_label_nl">Categorie van overige schuldbewijzen</label:label>
    <gen:arc xlink:type="arc" xlink:arcrole="http://xbrl.org/arcrole/2008/element-label" xlink:from="rj_DebtSecuritiesOtherTypedMember_loc" xlink:to="rj_DebtSecuritiesOtherTypedMember_label_nl"/>
    <link:loc xlink:type="locator" xlink:href="rj_cor.xsd#rj_DesignatedFundTypedMember" xlink:label="rj_DesignatedFundTypedMember_loc"/>
    <label:label xlink:type="resource" xlink:label="rj_DesignatedFundTypedMember_label_nl" xlink:role="http://www.xbrl.org/2008/role/label" xml:lang="nl" id="rj_DesignatedFundTypedMember_label_nl">Bestemmingsfonds</label:label>
    <gen:arc xlink:type="arc" xlink:arcrole="http://xbrl.org/arcrole/2008/element-label" xlink:from="rj_DesignatedFundTypedMember_loc" xlink:to="rj_DesignatedFundTypedMember_label_nl"/>
    <link:loc xlink:type="locator" xlink:href="rj_cor.xsd#rj_DesignatedReserveTypedMember" xlink:label="rj_DesignatedReserveTypedMember_loc"/>
    <label:label xlink:type="resource" xlink:label="rj_DesignatedReserveTypedMember_label_nl" xlink:role="http://www.xbrl.org/2008/role/label" xml:lang="nl" id="rj_DesignatedReserveTypedMember_label_nl">Bestemmingsreserve</label:label>
    <gen:arc xlink:type="arc" xlink:arcrole="http://xbrl.org/arcrole/2008/element-label" xlink:from="rj_DesignatedReserveTypedMember_loc" xlink:to="rj_DesignatedReserveTypedMember_label_nl"/>
    <link:loc xlink:type="locator" xlink:href="rj_cor.xsd#rj_DirectorTypedMember" xlink:label="rj_DirectorTypedMember_loc"/>
    <label:label xlink:type="resource" xlink:label="rj_DirectorTypedMember_label_nl" xlink:role="http://www.xbrl.org/2008/role/label" xml:lang="nl" id="rj_DirectorTypedMember_label_nl">Bestuurder of commissaris</label:label>
    <gen:arc xlink:type="arc" xlink:arcrole="http://xbrl.org/arcrole/2008/element-label" xlink:from="rj_DirectorTypedMember_loc" xlink:to="rj_DirectorTypedMember_label_nl"/>
    <link:loc xlink:type="locator" xlink:href="rj_cor.xsd#rj_DiscontinuedOperationsTypedMember" xlink:label="rj_DiscontinuedOperationsTypedMember_loc"/>
    <label:label xlink:type="resource" xlink:label="rj_DiscontinuedOperationsTypedMember_label_nl" xlink:role="http://www.xbrl.org/2008/role/label" xml:lang="nl" id="rj_DiscontinuedOperationsTypedMember_label_nl">Beëindiging van bedrijfsactiviteiten</label:label>
    <gen:arc xlink:type="arc" xlink:arcrole="http://xbrl.org/arcrole/2008/element-label" xlink:from="rj_DiscontinuedOperationsTypedMember_loc" xlink:to="rj_DiscontinuedOperationsTypedMember_label_nl"/>
    <link:loc xlink:type="locator" xlink:href="rj_cor.xsd#rj_DurationTypedMember" xlink:label="rj_DurationTypedMember_loc"/>
    <label:label xlink:type="resource" xlink:label="rj_DurationTypedMember_label_nl" xlink:role="http://www.xbrl.org/2008/role/label" xml:lang="nl" id="rj_DurationTypedMember_label_nl">Looptijd</label:label>
    <gen:arc xlink:type="arc" xlink:arcrole="http://xbrl.org/arcrole/2008/element-label" xlink:from="rj_DurationTypedMember_loc" xlink:to="rj_DurationTypedMember_label_nl"/>
    <link:loc xlink:type="locator" xlink:href="rj_cor.xsd#rj_EducationActivitiesTypedMember" xlink:label="rj_EducationActivitiesTypedMember_loc"/>
    <label:label xlink:type="resource" xlink:label="rj_EducationActivitiesTypedMember_label_nl" xlink:role="http://www.xbrl.org/2008/role/label" xml:lang="nl" id="rj_EducationActivitiesTypedMember_label_nl">Onderwijs activiteiten</label:label>
    <gen:arc xlink:type="arc" xlink:arcrole="http://xbrl.org/arcrole/2008/element-label" xlink:from="rj_EducationActivitiesTypedMember_loc" xlink:to="rj_EducationActivitiesTypedMember_label_nl"/>
    <link:loc xlink:type="locator" xlink:href="rj_cor.xsd#rj_EmployeeBenefitsExpensesOtherTypedMember" xlink:label="rj_EmployeeBenefitsExpensesOtherTypedMember_loc"/>
    <label:label xlink:type="resource" xlink:label="rj_EmployeeBenefitsExpensesOtherTypedMember_label_nl" xlink:role="http://www.xbrl.org/2008/role/label" xml:lang="nl" id="rj_EmployeeBenefitsExpensesOtherTypedMember_label_nl">Categorie van overige lasten uit hoofde van personeelsbeloningen</label:label>
    <gen:arc xlink:type="arc" xlink:arcrole="http://xbrl.org/arcrole/2008/element-label" xlink:from="rj_EmployeeBenefitsExpensesOtherTypedMember_loc" xlink:to="rj_EmployeeBenefitsExpensesOtherTypedMember_label_nl"/>
    <link:loc xlink:type="locator" xlink:href="rj_cor.xsd#rj_EquityAndLiabilitiesOtherTypedMember" xlink:label="rj_EquityAndLiabilitiesOtherTypedMember_loc"/>
    <label:label xlink:type="resource" xlink:label="rj_EquityAndLiabilitiesOtherTypedMember_label_nl" xlink:role="http://www.xbrl.org/2008/role/label" xml:lang="nl" id="rj_EquityAndLiabilitiesOtherTypedMember_label_nl">Categorie van overige passiva</label:label>
    <gen:arc xlink:type="arc" xlink:arcrole="http://xbrl.org/arcrole/2008/element-label" xlink:from="rj_EquityAndLiabilitiesOtherTypedMember_loc" xlink:to="rj_EquityAndLiabilitiesOtherTypedMember_label_nl"/>
    <link:loc xlink:type="locator" xlink:href="rj_cor.xsd#rj_EquityLiabilitiesTransferTypedMember" xlink:label="rj_EquityLiabilitiesTransferTypedMember_loc"/>
    <label:label xlink:type="resource" xlink:label="rj_EquityLiabilitiesTransferTypedMember_label_nl" xlink:role="http://www.xbrl.org/2008/role/label" xml:lang="nl" id="rj_EquityLiabilitiesTransferTypedMember_label_nl">Overboeking tussen eigen vermogen en vreemd vermogen</label:label>
    <gen:arc xlink:type="arc" xlink:arcrole="http://xbrl.org/arcrole/2008/element-label" xlink:from="rj_EquityLiabilitiesTransferTypedMember_loc" xlink:to="rj_EquityLiabilitiesTransferTypedMember_label_nl"/>
    <link:loc xlink:type="locator" xlink:href="rj_cor.xsd#rj_EquityTypedMember" xlink:label="rj_EquityTypedMember_loc"/>
    <label:label xlink:type="resource" xlink:label="rj_EquityTypedMember_label_nl" xlink:role="http://www.xbrl.org/2008/role/label" xml:lang="nl" id="rj_EquityTypedMember_label_nl">Eigen vermogen</label:label>
    <gen:arc xlink:type="arc" xlink:arcrole="http://xbrl.org/arcrole/2008/element-label" xlink:from="rj_EquityTypedMember_loc" xlink:to="rj_EquityTypedMember_label_nl"/>
    <link:loc xlink:type="locator" xlink:href="rj_cor.xsd#rj_ExceptionalItemDescriptionTypedMember" xlink:label="rj_ExceptionalItemDescriptionTypedMember_loc"/>
    <label:label xlink:type="resource" xlink:label="rj_ExceptionalItemDescriptionTypedMember_label_nl" xlink:role="http://www.xbrl.org/2008/role/label" xml:lang="nl" id="rj_ExceptionalItemDescriptionTypedMember_label_nl">Omschrijving bijzondere post</label:label>
    <gen:arc xlink:type="arc" xlink:arcrole="http://xbrl.org/arcrole/2008/element-label" xlink:from="rj_ExceptionalItemDescriptionTypedMember_loc" xlink:to="rj_ExceptionalItemDescriptionTypedMember_label_nl"/>
    <link:loc xlink:type="locator" xlink:href="rj_cor.xsd#rj_ExpensesOtherTypedMember" xlink:label="rj_ExpensesOtherTypedMember_loc"/>
    <label:label xlink:type="resource" xlink:label="rj_ExpensesOtherTypedMember_label_nl" xlink:role="http://www.xbrl.org/2008/role/label" xml:lang="nl" id="rj_ExpensesOtherTypedMember_label_nl">Overige kosten</label:label>
    <gen:arc xlink:type="arc" xlink:arcrole="http://xbrl.org/arcrole/2008/element-label" xlink:from="rj_ExpensesOtherTypedMember_loc" xlink:to="rj_ExpensesOtherTypedMember_label_nl"/>
    <link:loc xlink:type="locator" xlink:href="rj_cor.xsd#rj_FinancialAssetsOtherTypedMember" xlink:label="rj_FinancialAssetsOtherTypedMember_loc"/>
    <label:label xlink:type="resource" xlink:label="rj_FinancialAssetsOtherTypedMember_label_nl" xlink:role="http://www.xbrl.org/2008/role/label" xml:lang="nl" id="rj_FinancialAssetsOtherTypedMember_label_nl">Categorie van overige financiële vaste activa</label:label>
    <gen:arc xlink:type="arc" xlink:arcrole="http://xbrl.org/arcrole/2008/element-label" xlink:from="rj_FinancialAssetsOtherTypedMember_loc" xlink:to="rj_FinancialAssetsOtherTypedMember_label_nl"/>
    <link:loc xlink:type="locator" xlink:href="rj_cor.xsd#rj_FinancialInstrumentAssetsLiabilitiesTypedMember" xlink:label="rj_FinancialInstrumentAssetsLiabilitiesTypedMember_loc"/>
    <label:label xlink:type="resource" xlink:label="rj_FinancialInstrumentAssetsLiabilitiesTypedMember_label_nl" xlink:role="http://www.xbrl.org/2008/role/label" xml:lang="nl" id="rj_FinancialInstrumentAssetsLiabilitiesTypedMember_label_nl">Activa en verplichtingen</label:label>
    <gen:arc xlink:type="arc" xlink:arcrole="http://xbrl.org/arcrole/2008/element-label" xlink:from="rj_FinancialInstrumentAssetsLiabilitiesTypedMember_loc" xlink:to="rj_FinancialInstrumentAssetsLiabilitiesTypedMember_label_nl"/>
    <link:loc xlink:type="locator" xlink:href="rj_cor.xsd#rj_FinancialInstrumentsIssuedTypedMember" xlink:label="rj_FinancialInstrumentsIssuedTypedMember_loc"/>
    <label:label xlink:type="resource" xlink:label="rj_FinancialInstrumentsIssuedTypedMember_label_nl" xlink:role="http://www.xbrl.org/2008/role/label" xml:lang="nl" id="rj_FinancialInstrumentsIssuedTypedMember_label_nl">Financiële instrumenten uitgegeven</label:label>
    <gen:arc xlink:type="arc" xlink:arcrole="http://xbrl.org/arcrole/2008/element-label" xlink:from="rj_FinancialInstrumentsIssuedTypedMember_loc" xlink:to="rj_FinancialInstrumentsIssuedTypedMember_label_nl"/>
    <link:loc xlink:type="locator" xlink:href="rj_cor.xsd#rj_FinancialInstrumentsObtainedTypedMember" xlink:label="rj_FinancialInstrumentsObtainedTypedMember_loc"/>
    <label:label xlink:type="resource" xlink:label="rj_FinancialInstrumentsObtainedTypedMember_label_nl" xlink:role="http://www.xbrl.org/2008/role/label" xml:lang="nl" id="rj_FinancialInstrumentsObtainedTypedMember_label_nl">Financiële instrumenten gehouden</label:label>
    <gen:arc xlink:type="arc" xlink:arcrole="http://xbrl.org/arcrole/2008/element-label" xlink:from="rj_FinancialInstrumentsObtainedTypedMember_loc" xlink:to="rj_FinancialInstrumentsObtainedTypedMember_label_nl"/>
    <link:loc xlink:type="locator" xlink:href="rj_cor.xsd#rj_FinancialInstrumentsPolicyTypedMember" xlink:label="rj_FinancialInstrumentsPolicyTypedMember_loc"/>
    <label:label xlink:type="resource" xlink:label="rj_FinancialInstrumentsPolicyTypedMember_label_nl" xlink:role="http://www.xbrl.org/2008/role/label" xml:lang="nl" id="rj_FinancialInstrumentsPolicyTypedMember_label_nl">Grondslag van financiële instrumenten</label:label>
    <gen:arc xlink:type="arc" xlink:arcrole="http://xbrl.org/arcrole/2008/element-label" xlink:from="rj_FinancialInstrumentsPolicyTypedMember_loc" xlink:to="rj_FinancialInstrumentsPolicyTypedMember_label_nl"/>
    <link:loc xlink:type="locator" xlink:href="rj_cor.xsd#rj_GeographicalAreaTypedMember" xlink:label="rj_GeographicalAreaTypedMember_loc"/>
    <label:label xlink:type="resource" xlink:label="rj_GeographicalAreaTypedMember_label_nl" xlink:role="http://www.xbrl.org/2008/role/label" xml:lang="nl" id="rj_GeographicalAreaTypedMember_label_nl">Geografisch gebied</label:label>
    <gen:arc xlink:type="arc" xlink:arcrole="http://xbrl.org/arcrole/2008/element-label" xlink:from="rj_GeographicalAreaTypedMember_loc" xlink:to="rj_GeographicalAreaTypedMember_label_nl"/>
    <link:loc xlink:type="locator" xlink:href="rj_cor.xsd#rj_IncomeGeographicTypedMember" xlink:label="rj_IncomeGeographicTypedMember_loc"/>
    <label:label xlink:type="resource" xlink:label="rj_IncomeGeographicTypedMember_label_nl" xlink:role="http://www.xbrl.org/2008/role/label" xml:lang="nl" id="rj_IncomeGeographicTypedMember_label_nl">Baten, geografisch gebied</label:label>
    <gen:arc xlink:type="arc" xlink:arcrole="http://xbrl.org/arcrole/2008/element-label" xlink:from="rj_IncomeGeographicTypedMember_loc" xlink:to="rj_IncomeGeographicTypedMember_label_nl"/>
    <link:loc xlink:type="locator" xlink:href="rj_cor.xsd#rj_IncomeIndustryTypedMember" xlink:label="rj_IncomeIndustryTypedMember_loc"/>
    <label:label xlink:type="resource" xlink:label="rj_IncomeIndustryTypedMember_label_nl" xlink:role="http://www.xbrl.org/2008/role/label" xml:lang="nl" id="rj_IncomeIndustryTypedMember_label_nl">Baten, bedrijfstak</label:label>
    <gen:arc xlink:type="arc" xlink:arcrole="http://xbrl.org/arcrole/2008/element-label" xlink:from="rj_IncomeIndustryTypedMember_loc" xlink:to="rj_IncomeIndustryTypedMember_label_nl"/>
    <link:loc xlink:type="locator" xlink:href="rj_cor.xsd#rj_IncomeTaxExpenseOtherTypedMember" xlink:label="rj_IncomeTaxExpenseOtherTypedMember_loc"/>
    <label:label xlink:type="resource" xlink:label="rj_IncomeTaxExpenseOtherTypedMember_label_nl" xlink:role="http://www.xbrl.org/2008/role/label" xml:lang="nl" id="rj_IncomeTaxExpenseOtherTypedMember_label_nl">Categorie van overige belastingen</label:label>
    <gen:arc xlink:type="arc" xlink:arcrole="http://xbrl.org/arcrole/2008/element-label" xlink:from="rj_IncomeTaxExpenseOtherTypedMember_loc" xlink:to="rj_IncomeTaxExpenseOtherTypedMember_label_nl"/>
    <link:loc xlink:type="locator" xlink:href="rj_cor.xsd#rj_IncomeTypedMember" xlink:label="rj_IncomeTypedMember_loc"/>
    <label:label xlink:type="resource" xlink:label="rj_IncomeTypedMember_label_nl" xlink:role="http://www.xbrl.org/2008/role/label" xml:lang="nl" id="rj_IncomeTypedMember_label_nl">Baten</label:label>
    <gen:arc xlink:type="arc" xlink:arcrole="http://xbrl.org/arcrole/2008/element-label" xlink:from="rj_IncomeTypedMember_loc" xlink:to="rj_IncomeTypedMember_label_nl"/>
    <link:loc xlink:type="locator" xlink:href="rj_cor.xsd#rj_IndividualAssetTypedMember" xlink:label="rj_IndividualAssetTypedMember_loc"/>
    <label:label xlink:type="resource" xlink:label="rj_IndividualAssetTypedMember_label_nl" xlink:role="http://www.xbrl.org/2008/role/label" xml:lang="nl" id="rj_IndividualAssetTypedMember_label_nl">Individueel actief</label:label>
    <gen:arc xlink:type="arc" xlink:arcrole="http://xbrl.org/arcrole/2008/element-label" xlink:from="rj_IndividualAssetTypedMember_loc" xlink:to="rj_IndividualAssetTypedMember_label_nl"/>
    <link:loc xlink:type="locator" xlink:href="rj_cor.xsd#rj_IndustryGroupTypedMember" xlink:label="rj_IndustryGroupTypedMember_loc"/>
    <label:label xlink:type="resource" xlink:label="rj_IndustryGroupTypedMember_label_nl" xlink:role="http://www.xbrl.org/2008/role/label" xml:lang="nl" id="rj_IndustryGroupTypedMember_label_nl">Branchegroep</label:label>
    <gen:arc xlink:type="arc" xlink:arcrole="http://xbrl.org/arcrole/2008/element-label" xlink:from="rj_IndustryGroupTypedMember_loc" xlink:to="rj_IndustryGroupTypedMember_label_nl"/>
    <link:loc xlink:type="locator" xlink:href="rj_cor.xsd#rj_IndustryTypedMember" xlink:label="rj_IndustryTypedMember_loc"/>
    <label:label xlink:type="resource" xlink:label="rj_IndustryTypedMember_label_nl" xlink:role="http://www.xbrl.org/2008/role/label" xml:lang="nl" id="rj_IndustryTypedMember_label_nl">Bedrijfstak</label:label>
    <gen:arc xlink:type="arc" xlink:arcrole="http://xbrl.org/arcrole/2008/element-label" xlink:from="rj_IndustryTypedMember_loc" xlink:to="rj_IndustryTypedMember_label_nl"/>
    <link:loc xlink:type="locator" xlink:href="rj_cor.xsd#rj_IntangibleAssetsIndividualAssetOfImportanceTypedMember" xlink:label="rj_IntangibleAssetsIndividualAssetOfImportanceTypedMember_loc"/>
    <label:label xlink:type="resource" xlink:label="rj_IntangibleAssetsIndividualAssetOfImportanceTypedMember_label_nl" xlink:role="http://www.xbrl.org/2008/role/label" xml:lang="nl" id="rj_IntangibleAssetsIndividualAssetOfImportanceTypedMember_label_nl">Individueel immaterieel vast actief dat van groot belang is voor de rechtspersoon</label:label>
    <gen:arc xlink:type="arc" xlink:arcrole="http://xbrl.org/arcrole/2008/element-label" xlink:from="rj_IntangibleAssetsIndividualAssetOfImportanceTypedMember_loc" xlink:to="rj_IntangibleAssetsIndividualAssetOfImportanceTypedMember_label_nl"/>
    <link:loc xlink:type="locator" xlink:href="rj_cor.xsd#rj_IntangibleAssetsOtherTypedMember" xlink:label="rj_IntangibleAssetsOtherTypedMember_loc"/>
    <label:label xlink:type="resource" xlink:label="rj_IntangibleAssetsOtherTypedMember_label_nl" xlink:role="http://www.xbrl.org/2008/role/label" xml:lang="nl" id="rj_IntangibleAssetsOtherTypedMember_label_nl">Categorie van overige immateriële vaste activa</label:label>
    <gen:arc xlink:type="arc" xlink:arcrole="http://xbrl.org/arcrole/2008/element-label" xlink:from="rj_IntangibleAssetsOtherTypedMember_loc" xlink:to="rj_IntangibleAssetsOtherTypedMember_label_nl"/>
    <link:loc xlink:type="locator" xlink:href="rj_cor.xsd#rj_InventoriesOtherTypedMember" xlink:label="rj_InventoriesOtherTypedMember_loc"/>
    <label:label xlink:type="resource" xlink:label="rj_InventoriesOtherTypedMember_label_nl" xlink:role="http://www.xbrl.org/2008/role/label" xml:lang="nl" id="rj_InventoriesOtherTypedMember_label_nl">Categorie van overige voorraden</label:label>
    <gen:arc xlink:type="arc" xlink:arcrole="http://xbrl.org/arcrole/2008/element-label" xlink:from="rj_InventoriesOtherTypedMember_loc" xlink:to="rj_InventoriesOtherTypedMember_label_nl"/>
    <link:loc xlink:type="locator" xlink:href="rj_cor.xsd#rj_InvestmentTypedMember" xlink:label="rj_InvestmentTypedMember_loc"/>
    <label:label xlink:type="resource" xlink:label="rj_InvestmentTypedMember_label_nl" xlink:role="http://www.xbrl.org/2008/role/label" xml:lang="nl" id="rj_InvestmentTypedMember_label_nl">Belegging</label:label>
    <gen:arc xlink:type="arc" xlink:arcrole="http://xbrl.org/arcrole/2008/element-label" xlink:from="rj_InvestmentTypedMember_loc" xlink:to="rj_InvestmentTypedMember_label_nl"/>
    <link:loc xlink:type="locator" xlink:href="rj_cor.xsd#rj_InvestmentsInLandAndBuildingsOtherTypedMember" xlink:label="rj_InvestmentsInLandAndBuildingsOtherTypedMember_loc"/>
    <label:label xlink:type="resource" xlink:label="rj_InvestmentsInLandAndBuildingsOtherTypedMember_label_nl" xlink:role="http://www.xbrl.org/2008/role/label" xml:lang="nl" id="rj_InvestmentsInLandAndBuildingsOtherTypedMember_label_nl">Categorie van beleggingen in terreinen en gebouwen</label:label>
    <gen:arc xlink:type="arc" xlink:arcrole="http://xbrl.org/arcrole/2008/element-label" xlink:from="rj_InvestmentsInLandAndBuildingsOtherTypedMember_loc" xlink:to="rj_InvestmentsInLandAndBuildingsOtherTypedMember_label_nl"/>
    <link:loc xlink:type="locator" xlink:href="rj_cor.xsd#rj_InvestmentsInParticipatingInterestsOtherTypedMember" xlink:label="rj_InvestmentsInParticipatingInterestsOtherTypedMember_loc"/>
    <label:label xlink:type="resource" xlink:label="rj_InvestmentsInParticipatingInterestsOtherTypedMember_label_nl" xlink:role="http://www.xbrl.org/2008/role/label" xml:lang="nl" id="rj_InvestmentsInParticipatingInterestsOtherTypedMember_label_nl">Categorie van andere deelnemingen</label:label>
    <gen:arc xlink:type="arc" xlink:arcrole="http://xbrl.org/arcrole/2008/element-label" xlink:from="rj_InvestmentsInParticipatingInterestsOtherTypedMember_loc" xlink:to="rj_InvestmentsInParticipatingInterestsOtherTypedMember_label_nl"/>
    <link:loc xlink:type="locator" xlink:href="rj_cor.xsd#rj_InvestmentsInParticipatingInterestsTypedMember" xlink:label="rj_InvestmentsInParticipatingInterestsTypedMember_loc"/>
    <label:label xlink:type="resource" xlink:label="rj_InvestmentsInParticipatingInterestsTypedMember_label_nl" xlink:role="http://www.xbrl.org/2008/role/label" xml:lang="nl" id="rj_InvestmentsInParticipatingInterestsTypedMember_label_nl">Beleggingen in deelnemingen</label:label>
    <gen:arc xlink:type="arc" xlink:arcrole="http://xbrl.org/arcrole/2008/element-label" xlink:from="rj_InvestmentsInParticipatingInterestsTypedMember_loc" xlink:to="rj_InvestmentsInParticipatingInterestsTypedMember_label_nl"/>
    <link:loc xlink:type="locator" xlink:href="rj_cor.xsd#rj_InvestmentsOtherOnBehalfOfParticipantsTypedMember" xlink:label="rj_InvestmentsOtherOnBehalfOfParticipantsTypedMember_loc"/>
    <label:label xlink:type="resource" xlink:label="rj_InvestmentsOtherOnBehalfOfParticipantsTypedMember_label_nl" xlink:role="http://www.xbrl.org/2008/role/label" xml:lang="nl" id="rj_InvestmentsOtherOnBehalfOfParticipantsTypedMember_label_nl">Categorie van overige beleggingen voor risico deelnemers</label:label>
    <gen:arc xlink:type="arc" xlink:arcrole="http://xbrl.org/arcrole/2008/element-label" xlink:from="rj_InvestmentsOtherOnBehalfOfParticipantsTypedMember_loc" xlink:to="rj_InvestmentsOtherOnBehalfOfParticipantsTypedMember_label_nl"/>
    <link:loc xlink:type="locator" xlink:href="rj_cor.xsd#rj_InvestmentsOtherOnBehalfOfPensionFundTypedMember" xlink:label="rj_InvestmentsOtherOnBehalfOfPensionFundTypedMember_loc"/>
    <label:label xlink:type="resource" xlink:label="rj_InvestmentsOtherOnBehalfOfPensionFundTypedMember_label_nl" xlink:role="http://www.xbrl.org/2008/role/label" xml:lang="nl" id="rj_InvestmentsOtherOnBehalfOfPensionFundTypedMember_label_nl">Categorie van overige beleggingen voor risico pensioenfonds</label:label>
    <gen:arc xlink:type="arc" xlink:arcrole="http://xbrl.org/arcrole/2008/element-label" xlink:from="rj_InvestmentsOtherOnBehalfOfPensionFundTypedMember_loc" xlink:to="rj_InvestmentsOtherOnBehalfOfPensionFundTypedMember_label_nl"/>
    <link:loc xlink:type="locator" xlink:href="rj_cor.xsd#rj_InvestmentsOtherTypedMember" xlink:label="rj_InvestmentsOtherTypedMember_loc"/>
    <label:label xlink:type="resource" xlink:label="rj_InvestmentsOtherTypedMember_label_nl" xlink:role="http://www.xbrl.org/2008/role/label" xml:lang="nl" id="rj_InvestmentsOtherTypedMember_label_nl">Categorie van overige beleggingen</label:label>
    <gen:arc xlink:type="arc" xlink:arcrole="http://xbrl.org/arcrole/2008/element-label" xlink:from="rj_InvestmentsOtherTypedMember_loc" xlink:to="rj_InvestmentsOtherTypedMember_label_nl"/>
    <link:loc xlink:type="locator" xlink:href="rj_cor.xsd#rj_LicensingAgreementsTypedMember" xlink:label="rj_LicensingAgreementsTypedMember_loc"/>
    <label:label xlink:type="resource" xlink:label="rj_LicensingAgreementsTypedMember_label_nl" xlink:role="http://www.xbrl.org/2008/role/label" xml:lang="nl" id="rj_LicensingAgreementsTypedMember_label_nl">Concessies</label:label>
    <gen:arc xlink:type="arc" xlink:arcrole="http://xbrl.org/arcrole/2008/element-label" xlink:from="rj_LicensingAgreementsTypedMember_loc" xlink:to="rj_LicensingAgreementsTypedMember_label_nl"/>
    <link:loc xlink:type="locator" xlink:href="rj_cor.xsd#rj_MacroControlInstrumentsTypedMember" xlink:label="rj_MacroControlInstrumentsTypedMember_loc"/>
    <label:label xlink:type="resource" xlink:label="rj_MacroControlInstrumentsTypedMember_label_nl" xlink:role="http://www.xbrl.org/2008/role/label" xml:lang="nl" id="rj_MacroControlInstrumentsTypedMember_label_nl">Macrobeheersinstrumenten</label:label>
    <gen:arc xlink:type="arc" xlink:arcrole="http://xbrl.org/arcrole/2008/element-label" xlink:from="rj_MacroControlInstrumentsTypedMember_loc" xlink:to="rj_MacroControlInstrumentsTypedMember_label_nl"/>
    <link:loc xlink:type="locator" xlink:href="rj_cor.xsd#rj_MaterialImpairmentLossIndividualAssetTypedMember" xlink:label="rj_MaterialImpairmentLossIndividualAssetTypedMember_loc"/>
    <label:label xlink:type="resource" xlink:label="rj_MaterialImpairmentLossIndividualAssetTypedMember_label_nl" xlink:role="http://www.xbrl.org/2008/role/label" xml:lang="nl" id="rj_MaterialImpairmentLossIndividualAssetTypedMember_label_nl">Individueel actief waar het van materieel belang zijnde bijzonder waardeverminderingsverlies betrekking op heeft</label:label>
    <gen:arc xlink:type="arc" xlink:arcrole="http://xbrl.org/arcrole/2008/element-label" xlink:from="rj_MaterialImpairmentLossIndividualAssetTypedMember_loc" xlink:to="rj_MaterialImpairmentLossIndividualAssetTypedMember_label_nl"/>
    <link:loc xlink:type="locator" xlink:href="rj_cor.xsd#rj_MergersAcquisitionsTypedMember" xlink:label="rj_MergersAcquisitionsTypedMember_loc"/>
    <label:label xlink:type="resource" xlink:label="rj_MergersAcquisitionsTypedMember_label_nl" xlink:role="http://www.xbrl.org/2008/role/label" xml:lang="nl" id="rj_MergersAcquisitionsTypedMember_label_nl">Fusies en overnames</label:label>
    <gen:arc xlink:type="arc" xlink:arcrole="http://xbrl.org/arcrole/2008/element-label" xlink:from="rj_MergersAcquisitionsTypedMember_loc" xlink:to="rj_MergersAcquisitionsTypedMember_label_nl"/>
    <link:loc xlink:type="locator" xlink:href="rj_cor.xsd#rj_NoncommercialActivitiesTypedMember" xlink:label="rj_NoncommercialActivitiesTypedMember_loc"/>
    <label:label xlink:type="resource" xlink:label="rj_NoncommercialActivitiesTypedMember_label_nl" xlink:role="http://www.xbrl.org/2008/role/label" xml:lang="nl" id="rj_NoncommercialActivitiesTypedMember_label_nl">Niet-ondernemingsactiviteiten</label:label>
    <gen:arc xlink:type="arc" xlink:arcrole="http://xbrl.org/arcrole/2008/element-label" xlink:from="rj_NoncommercialActivitiesTypedMember_loc" xlink:to="rj_NoncommercialActivitiesTypedMember_label_nl"/>
    <link:loc xlink:type="locator" xlink:href="rj_cor.xsd#rj_NumberOfOtherParticipantsTypedMember" xlink:label="rj_NumberOfOtherParticipantsTypedMember_loc"/>
    <label:label xlink:type="resource" xlink:label="rj_NumberOfOtherParticipantsTypedMember_label_nl" xlink:role="http://www.xbrl.org/2008/role/label" xml:lang="nl" id="rj_NumberOfOtherParticipantsTypedMember_label_nl">Categorie van aantal overige deelnemers</label:label>
    <gen:arc xlink:type="arc" xlink:arcrole="http://xbrl.org/arcrole/2008/element-label" xlink:from="rj_NumberOfOtherParticipantsTypedMember_loc" xlink:to="rj_NumberOfOtherParticipantsTypedMember_label_nl"/>
    <link:loc xlink:type="locator" xlink:href="rj_cor.xsd#rj_ObjectiveTypedMember" xlink:label="rj_ObjectiveTypedMember_loc"/>
    <label:label xlink:type="resource" xlink:label="rj_ObjectiveTypedMember_label_nl" xlink:role="http://www.xbrl.org/2008/role/label" xml:lang="nl" id="rj_ObjectiveTypedMember_label_nl">Doelstelling</label:label>
    <gen:arc xlink:type="arc" xlink:arcrole="http://xbrl.org/arcrole/2008/element-label" xlink:from="rj_ObjectiveTypedMember_loc" xlink:to="rj_ObjectiveTypedMember_label_nl"/>
    <link:loc xlink:type="locator" xlink:href="rj_cor.xsd#rj_OperatingExpensesOtherTypedMember" xlink:label="rj_OperatingExpensesOtherTypedMember_loc"/>
    <label:label xlink:type="resource" xlink:label="rj_OperatingExpensesOtherTypedMember_label_nl" xlink:role="http://www.xbrl.org/2008/role/label" xml:lang="nl" id="rj_OperatingExpensesOtherTypedMember_label_nl">Categorie van overige bedrijfskosten</label:label>
    <gen:arc xlink:type="arc" xlink:arcrole="http://xbrl.org/arcrole/2008/element-label" xlink:from="rj_OperatingExpensesOtherTypedMember_loc" xlink:to="rj_OperatingExpensesOtherTypedMember_label_nl"/>
    <link:loc xlink:type="locator" xlink:href="rj_cor.xsd#rj_OperatingIncomeOtherTypedMember" xlink:label="rj_OperatingIncomeOtherTypedMember_loc"/>
    <label:label xlink:type="resource" xlink:label="rj_OperatingIncomeOtherTypedMember_label_nl" xlink:role="http://www.xbrl.org/2008/role/label" xml:lang="nl" id="rj_OperatingIncomeOtherTypedMember_label_nl">Categorie van overige bedrijfsopbrengsten</label:label>
    <gen:arc xlink:type="arc" xlink:arcrole="http://xbrl.org/arcrole/2008/element-label" xlink:from="rj_OperatingIncomeOtherTypedMember_loc" xlink:to="rj_OperatingIncomeOtherTypedMember_label_nl"/>
    <link:loc xlink:type="locator" xlink:href="rj_cor.xsd#rj_OperatingSegmentTypedMember" xlink:label="rj_OperatingSegmentTypedMember_loc"/>
    <label:label xlink:type="resource" xlink:label="rj_OperatingSegmentTypedMember_label_nl" xlink:role="http://www.xbrl.org/2008/role/label" xml:lang="nl" id="rj_OperatingSegmentTypedMember_label_nl">Naam van operationele segment</label:label>
    <gen:arc xlink:type="arc" xlink:arcrole="http://xbrl.org/arcrole/2008/element-label" xlink:from="rj_OperatingSegmentTypedMember_loc" xlink:to="rj_OperatingSegmentTypedMember_label_nl"/>
    <link:loc xlink:type="locator" xlink:href="rj_cor.xsd#rj_OtherAssetsOtherTypedMember" xlink:label="rj_OtherAssetsOtherTypedMember_loc"/>
    <label:label xlink:type="resource" xlink:label="rj_OtherAssetsOtherTypedMember_label_nl" xlink:role="http://www.xbrl.org/2008/role/label" xml:lang="nl" id="rj_OtherAssetsOtherTypedMember_label_nl">Categorie van andere overige activa</label:label>
    <gen:arc xlink:type="arc" xlink:arcrole="http://xbrl.org/arcrole/2008/element-label" xlink:from="rj_OtherAssetsOtherTypedMember_loc" xlink:to="rj_OtherAssetsOtherTypedMember_label_nl"/>
    <link:loc xlink:type="locator" xlink:href="rj_cor.xsd#rj_OtherFinancialInvestmentsOtherTypedMember" xlink:label="rj_OtherFinancialInvestmentsOtherTypedMember_loc"/>
    <label:label xlink:type="resource" xlink:label="rj_OtherFinancialInvestmentsOtherTypedMember_label_nl" xlink:role="http://www.xbrl.org/2008/role/label" xml:lang="nl" id="rj_OtherFinancialInvestmentsOtherTypedMember_label_nl">Categorie van andere financiële beleggingen</label:label>
    <gen:arc xlink:type="arc" xlink:arcrole="http://xbrl.org/arcrole/2008/element-label" xlink:from="rj_OtherFinancialInvestmentsOtherTypedMember_loc" xlink:to="rj_OtherFinancialInvestmentsOtherTypedMember_label_nl"/>
    <link:loc xlink:type="locator" xlink:href="rj_cor.xsd#rj_ParticipatingInterestTypedMember" xlink:label="rj_ParticipatingInterestTypedMember_loc"/>
    <label:label xlink:type="resource" xlink:label="rj_ParticipatingInterestTypedMember_label_nl" xlink:role="http://www.xbrl.org/2008/role/label" xml:lang="nl" id="rj_ParticipatingInterestTypedMember_label_nl">Deelneming</label:label>
    <gen:arc xlink:type="arc" xlink:arcrole="http://xbrl.org/arcrole/2008/element-label" xlink:from="rj_ParticipatingInterestTypedMember_loc" xlink:to="rj_ParticipatingInterestTypedMember_label_nl"/>
    <link:loc xlink:type="locator" xlink:href="rj_cor.xsd#rj_PayableTypedMember" xlink:label="rj_PayableTypedMember_loc"/>
    <label:label xlink:type="resource" xlink:label="rj_PayableTypedMember_label_nl" xlink:role="http://www.xbrl.org/2008/role/label" xml:lang="nl" id="rj_PayableTypedMember_label_nl">Verplichting</label:label>
    <gen:arc xlink:type="arc" xlink:arcrole="http://xbrl.org/arcrole/2008/element-label" xlink:from="rj_PayableTypedMember_loc" xlink:to="rj_PayableTypedMember_label_nl"/>
    <link:loc xlink:type="locator" xlink:href="rj_cor.xsd#rj_PayablesCreditInstitutionsOtherTypedMember" xlink:label="rj_PayablesCreditInstitutionsOtherTypedMember_loc"/>
    <label:label xlink:type="resource" xlink:label="rj_PayablesCreditInstitutionsOtherTypedMember_label_nl" xlink:role="http://www.xbrl.org/2008/role/label" xml:lang="nl" id="rj_PayablesCreditInstitutionsOtherTypedMember_label_nl">Categorie van overige schulden aan kredietinstellingen</label:label>
    <gen:arc xlink:type="arc" xlink:arcrole="http://xbrl.org/arcrole/2008/element-label" xlink:from="rj_PayablesCreditInstitutionsOtherTypedMember_loc" xlink:to="rj_PayablesCreditInstitutionsOtherTypedMember_label_nl"/>
    <link:loc xlink:type="locator" xlink:href="rj_cor.xsd#rj_PayablesCustomersDepositsOtherTypedMember" xlink:label="rj_PayablesCustomersDepositsOtherTypedMember_loc"/>
    <label:label xlink:type="resource" xlink:label="rj_PayablesCustomersDepositsOtherTypedMember_label_nl" xlink:role="http://www.xbrl.org/2008/role/label" xml:lang="nl" id="rj_PayablesCustomersDepositsOtherTypedMember_label_nl">Categorie van overige schulden aan klanten uit hoofde van spaargelden</label:label>
    <gen:arc xlink:type="arc" xlink:arcrole="http://xbrl.org/arcrole/2008/element-label" xlink:from="rj_PayablesCustomersDepositsOtherTypedMember_loc" xlink:to="rj_PayablesCustomersDepositsOtherTypedMember_label_nl"/>
    <link:loc xlink:type="locator" xlink:href="rj_cor.xsd#rj_PayablesCustomersOtherOtherTypedMember" xlink:label="rj_PayablesCustomersOtherOtherTypedMember_loc"/>
    <label:label xlink:type="resource" xlink:label="rj_PayablesCustomersOtherOtherTypedMember_label_nl" xlink:role="http://www.xbrl.org/2008/role/label" xml:lang="nl" id="rj_PayablesCustomersOtherOtherTypedMember_label_nl">Categorie van overige andere schulden aan klanten</label:label>
    <gen:arc xlink:type="arc" xlink:arcrole="http://xbrl.org/arcrole/2008/element-label" xlink:from="rj_PayablesCustomersOtherOtherTypedMember_loc" xlink:to="rj_PayablesCustomersOtherOtherTypedMember_label_nl"/>
    <link:loc xlink:type="locator" xlink:href="rj_cor.xsd#rj_PayablesOtherCurrentTypedMember" xlink:label="rj_PayablesOtherCurrentTypedMember_loc"/>
    <label:label xlink:type="resource" xlink:label="rj_PayablesOtherCurrentTypedMember_label_nl" xlink:role="http://www.xbrl.org/2008/role/label" xml:lang="nl" id="rj_PayablesOtherCurrentTypedMember_label_nl">Categorie van kortlopende overige schulden</label:label>
    <gen:arc xlink:type="arc" xlink:arcrole="http://xbrl.org/arcrole/2008/element-label" xlink:from="rj_PayablesOtherCurrentTypedMember_loc" xlink:to="rj_PayablesOtherCurrentTypedMember_label_nl"/>
    <link:loc xlink:type="locator" xlink:href="rj_cor.xsd#rj_PayablesOtherNoncurrentTypedMember" xlink:label="rj_PayablesOtherNoncurrentTypedMember_loc"/>
    <label:label xlink:type="resource" xlink:label="rj_PayablesOtherNoncurrentTypedMember_label_nl" xlink:role="http://www.xbrl.org/2008/role/label" xml:lang="nl" id="rj_PayablesOtherNoncurrentTypedMember_label_nl">Categorie van overige schulden</label:label>
    <gen:arc xlink:type="arc" xlink:arcrole="http://xbrl.org/arcrole/2008/element-label" xlink:from="rj_PayablesOtherNoncurrentTypedMember_loc" xlink:to="rj_PayablesOtherNoncurrentTypedMember_label_nl"/>
    <link:loc xlink:type="locator" xlink:href="rj_cor.xsd#rj_PayablesOtherTypedMember" xlink:label="rj_PayablesOtherTypedMember_loc"/>
    <label:label xlink:type="resource" xlink:label="rj_PayablesOtherTypedMember_label_nl" xlink:role="http://www.xbrl.org/2008/role/label" xml:lang="nl" id="rj_PayablesOtherTypedMember_label_nl">Categorie van overige schulden</label:label>
    <gen:arc xlink:type="arc" xlink:arcrole="http://xbrl.org/arcrole/2008/element-label" xlink:from="rj_PayablesOtherTypedMember_loc" xlink:to="rj_PayablesOtherTypedMember_label_nl"/>
    <link:loc xlink:type="locator" xlink:href="rj_cor.xsd#rj_PayablesTransactionsFinancialDerivativesTypedMember" xlink:label="rj_PayablesTransactionsFinancialDerivativesTypedMember_loc"/>
    <label:label xlink:type="resource" xlink:label="rj_PayablesTransactionsFinancialDerivativesTypedMember_label_nl" xlink:role="http://www.xbrl.org/2008/role/label" xml:lang="nl" id="rj_PayablesTransactionsFinancialDerivativesTypedMember_label_nl">Verplichtingen uit verrichtingen met betrekking tot financiële derivaten</label:label>
    <gen:arc xlink:type="arc" xlink:arcrole="http://xbrl.org/arcrole/2008/element-label" xlink:from="rj_PayablesTransactionsFinancialDerivativesTypedMember_loc" xlink:to="rj_PayablesTransactionsFinancialDerivativesTypedMember_label_nl"/>
    <link:loc xlink:type="locator" xlink:href="rj_cor.xsd#rj_PersonnelTypedMember" xlink:label="rj_PersonnelTypedMember_loc"/>
    <label:label xlink:type="resource" xlink:label="rj_PersonnelTypedMember_label_nl" xlink:role="http://www.xbrl.org/2008/role/label" xml:lang="nl" id="rj_PersonnelTypedMember_label_nl">Personeel</label:label>
    <gen:arc xlink:type="arc" xlink:arcrole="http://xbrl.org/arcrole/2008/element-label" xlink:from="rj_PersonnelTypedMember_loc" xlink:to="rj_PersonnelTypedMember_label_nl"/>
    <link:loc xlink:type="locator" xlink:href="rj_cor.xsd#rj_PriorPeriodErrorsTypedMember" xlink:label="rj_PriorPeriodErrorsTypedMember_loc"/>
    <label:label xlink:type="resource" xlink:label="rj_PriorPeriodErrorsTypedMember_label_nl" xlink:role="http://www.xbrl.org/2008/role/label" xml:lang="nl" id="rj_PriorPeriodErrorsTypedMember_label_nl">Foutenherstel</label:label>
    <gen:arc xlink:type="arc" xlink:arcrole="http://xbrl.org/arcrole/2008/element-label" xlink:from="rj_PriorPeriodErrorsTypedMember_loc" xlink:to="rj_PriorPeriodErrorsTypedMember_label_nl"/>
    <link:loc xlink:type="locator" xlink:href="rj_cor.xsd#rj_ProductGroupTypedMember" xlink:label="rj_ProductGroupTypedMember_loc"/>
    <label:label xlink:type="resource" xlink:label="rj_ProductGroupTypedMember_label_nl" xlink:role="http://www.xbrl.org/2008/role/label" xml:lang="nl" id="rj_ProductGroupTypedMember_label_nl">Productgroep</label:label>
    <gen:arc xlink:type="arc" xlink:arcrole="http://xbrl.org/arcrole/2008/element-label" xlink:from="rj_ProductGroupTypedMember_loc" xlink:to="rj_ProductGroupTypedMember_label_nl"/>
    <link:loc xlink:type="locator" xlink:href="rj_cor.xsd#rj_PropertyPlantEquipmentOtherTypedMember" xlink:label="rj_PropertyPlantEquipmentOtherTypedMember_loc"/>
    <label:label xlink:type="resource" xlink:label="rj_PropertyPlantEquipmentOtherTypedMember_label_nl" xlink:role="http://www.xbrl.org/2008/role/label" xml:lang="nl" id="rj_PropertyPlantEquipmentOtherTypedMember_label_nl">Categorie van overige materiële vaste activa</label:label>
    <gen:arc xlink:type="arc" xlink:arcrole="http://xbrl.org/arcrole/2008/element-label" xlink:from="rj_PropertyPlantEquipmentOtherTypedMember_loc" xlink:to="rj_PropertyPlantEquipmentOtherTypedMember_label_nl"/>
    <link:loc xlink:type="locator" xlink:href="rj_cor.xsd#rj_ProvisionsOtherTypedMember" xlink:label="rj_ProvisionsOtherTypedMember_loc"/>
    <label:label xlink:type="resource" xlink:label="rj_ProvisionsOtherTypedMember_label_nl" xlink:role="http://www.xbrl.org/2008/role/label" xml:lang="nl" id="rj_ProvisionsOtherTypedMember_label_nl">Categorie van overige voorzieningen</label:label>
    <gen:arc xlink:type="arc" xlink:arcrole="http://xbrl.org/arcrole/2008/element-label" xlink:from="rj_ProvisionsOtherTypedMember_loc" xlink:to="rj_ProvisionsOtherTypedMember_label_nl"/>
    <link:loc xlink:type="locator" xlink:href="rj_cor.xsd#rj_ReceivablesFromBanksOtherTypedMember" xlink:label="rj_ReceivablesFromBanksOtherTypedMember_loc"/>
    <label:label xlink:type="resource" xlink:label="rj_ReceivablesFromBanksOtherTypedMember_label_nl" xlink:role="http://www.xbrl.org/2008/role/label" xml:lang="nl" id="rj_ReceivablesFromBanksOtherTypedMember_label_nl">Categorie van overige vorderingen op banken</label:label>
    <gen:arc xlink:type="arc" xlink:arcrole="http://xbrl.org/arcrole/2008/element-label" xlink:from="rj_ReceivablesFromBanksOtherTypedMember_loc" xlink:to="rj_ReceivablesFromBanksOtherTypedMember_label_nl"/>
    <link:loc xlink:type="locator" xlink:href="rj_cor.xsd#rj_ReceivablesFromInsurancePoliciesOtherNotImmediatelyDueFromCurrentAccountsTypedMember" xlink:label="rj_ReceivablesFromInsurancePoliciesOtherNotImmediatelyDueFromCurrentAccountsTypedMember_loc"/>
    <label:label xlink:type="resource" xlink:label="rj_ReceivablesFromInsurancePoliciesOtherNotImmediatelyDueFromCurrentAccountsTypedMember_label_nl" xlink:role="http://www.xbrl.org/2008/role/label" xml:lang="nl" id="rj_ReceivablesFromInsurancePoliciesOtherNotImmediatelyDueFromCurrentAccountsTypedMember_label_nl">Categorie van overige niet direct uit lopende afrekeningen opeisbare vorderingen uit verzekeringspolissen</label:label>
    <gen:arc xlink:type="arc" xlink:arcrole="http://xbrl.org/arcrole/2008/element-label" xlink:from="rj_ReceivablesFromInsurancePoliciesOtherNotImmediatelyDueFromCurrentAccountsTypedMember_loc" xlink:to="rj_ReceivablesFromInsurancePoliciesOtherNotImmediatelyDueFromCurrentAccountsTypedMember_label_nl"/>
    <link:loc xlink:type="locator" xlink:href="rj_cor.xsd#rj_ReceivablesOtherCurrentTypedMember" xlink:label="rj_ReceivablesOtherCurrentTypedMember_loc"/>
    <label:label xlink:type="resource" xlink:label="rj_ReceivablesOtherCurrentTypedMember_label_nl" xlink:role="http://www.xbrl.org/2008/role/label" xml:lang="nl" id="rj_ReceivablesOtherCurrentTypedMember_label_nl">Categorie van kortlopende overige vorderingen</label:label>
    <gen:arc xlink:type="arc" xlink:arcrole="http://xbrl.org/arcrole/2008/element-label" xlink:from="rj_ReceivablesOtherCurrentTypedMember_loc" xlink:to="rj_ReceivablesOtherCurrentTypedMember_label_nl"/>
    <link:loc xlink:type="locator" xlink:href="rj_cor.xsd#rj_ReceivablesOtherReinsurancePartTechnicalProvisionsTypedMember" xlink:label="rj_ReceivablesOtherReinsurancePartTechnicalProvisionsTypedMember_loc"/>
    <label:label xlink:type="resource" xlink:label="rj_ReceivablesOtherReinsurancePartTechnicalProvisionsTypedMember_label_nl" xlink:role="http://www.xbrl.org/2008/role/label" xml:lang="nl" id="rj_ReceivablesOtherReinsurancePartTechnicalProvisionsTypedMember_label_nl">Categorie van overige vorderingen uit hoofde van herverzekeringsdeel technische voorzieningen</label:label>
    <gen:arc xlink:type="arc" xlink:arcrole="http://xbrl.org/arcrole/2008/element-label" xlink:from="rj_ReceivablesOtherReinsurancePartTechnicalProvisionsTypedMember_loc" xlink:to="rj_ReceivablesOtherReinsurancePartTechnicalProvisionsTypedMember_label_nl"/>
    <link:loc xlink:type="locator" xlink:href="rj_cor.xsd#rj_RegionTypedMember" xlink:label="rj_RegionTypedMember_loc"/>
    <label:label xlink:type="resource" xlink:label="rj_RegionTypedMember_label_nl" xlink:role="http://www.xbrl.org/2008/role/label" xml:lang="nl" id="rj_RegionTypedMember_label_nl">Regio</label:label>
    <gen:arc xlink:type="arc" xlink:arcrole="http://xbrl.org/arcrole/2008/element-label" xlink:from="rj_RegionTypedMember_loc" xlink:to="rj_RegionTypedMember_label_nl"/>
    <link:loc xlink:type="locator" xlink:href="rj_cor.xsd#rj_ReinsuranceOtherContractsTypedMember" xlink:label="rj_ReinsuranceOtherContractsTypedMember_loc"/>
    <label:label xlink:type="resource" xlink:label="rj_ReinsuranceOtherContractsTypedMember_label_nl" xlink:role="http://www.xbrl.org/2008/role/label" xml:lang="nl" id="rj_ReinsuranceOtherContractsTypedMember_label_nl">Categorie van overige contracten herverzekering</label:label>
    <gen:arc xlink:type="arc" xlink:arcrole="http://xbrl.org/arcrole/2008/element-label" xlink:from="rj_ReinsuranceOtherContractsTypedMember_loc" xlink:to="rj_ReinsuranceOtherContractsTypedMember_label_nl"/>
    <link:loc xlink:type="locator" xlink:href="rj_cor.xsd#rj_ReinsurancePartTechnicalProvisionTypedMember" xlink:label="rj_ReinsurancePartTechnicalProvisionTypedMember_loc"/>
    <label:label xlink:type="resource" xlink:label="rj_ReinsurancePartTechnicalProvisionTypedMember_label_nl" xlink:role="http://www.xbrl.org/2008/role/label" xml:lang="nl" id="rj_ReinsurancePartTechnicalProvisionTypedMember_label_nl">Herverzekeringsdeel technische voorziening</label:label>
    <gen:arc xlink:type="arc" xlink:arcrole="http://xbrl.org/arcrole/2008/element-label" xlink:from="rj_ReinsurancePartTechnicalProvisionTypedMember_loc" xlink:to="rj_ReinsurancePartTechnicalProvisionTypedMember_label_nl"/>
    <link:loc xlink:type="locator" xlink:href="rj_cor.xsd#rj_RelatedPartyTypedMember" xlink:label="rj_RelatedPartyTypedMember_loc"/>
    <label:label xlink:type="resource" xlink:label="rj_RelatedPartyTypedMember_label_nl" xlink:role="http://www.xbrl.org/2008/role/label" xml:lang="nl" id="rj_RelatedPartyTypedMember_label_nl">Verbonden partij</label:label>
    <gen:arc xlink:type="arc" xlink:arcrole="http://xbrl.org/arcrole/2008/element-label" xlink:from="rj_RelatedPartyTypedMember_loc" xlink:to="rj_RelatedPartyTypedMember_label_nl"/>
    <link:loc xlink:type="locator" xlink:href="rj_cor.xsd#rj_ReportingSegmentCashflowGeneratingUnitTypedMember" xlink:label="rj_ReportingSegmentCashflowGeneratingUnitTypedMember_loc"/>
    <label:label xlink:type="resource" xlink:label="rj_ReportingSegmentCashflowGeneratingUnitTypedMember_label_nl" xlink:role="http://www.xbrl.org/2008/role/label" xml:lang="nl" id="rj_ReportingSegmentCashflowGeneratingUnitTypedMember_label_nl">Verslaggevingssegment</label:label>
    <gen:arc xlink:type="arc" xlink:arcrole="http://xbrl.org/arcrole/2008/element-label" xlink:from="rj_ReportingSegmentCashflowGeneratingUnitTypedMember_loc" xlink:to="rj_ReportingSegmentCashflowGeneratingUnitTypedMember_label_nl"/>
    <link:loc xlink:type="locator" xlink:href="rj_cor.xsd#rj_RevenuesOtherTypedMember" xlink:label="rj_RevenuesOtherTypedMember_loc"/>
    <label:label xlink:type="resource" xlink:label="rj_RevenuesOtherTypedMember_label_nl" xlink:role="http://www.xbrl.org/2008/role/label" xml:lang="nl" id="rj_RevenuesOtherTypedMember_label_nl">Categorie van opbrengsten uit overige bronnen</label:label>
    <gen:arc xlink:type="arc" xlink:arcrole="http://xbrl.org/arcrole/2008/element-label" xlink:from="rj_RevenuesOtherTypedMember_loc" xlink:to="rj_RevenuesOtherTypedMember_label_nl"/>
    <link:loc xlink:type="locator" xlink:href="rj_cor.xsd#rj_RightsGrantedExcercisedGroupTypedMember" xlink:label="rj_RightsGrantedExcercisedGroupTypedMember_loc"/>
    <label:label xlink:type="resource" xlink:label="rj_RightsGrantedExcercisedGroupTypedMember_label_nl" xlink:role="http://www.xbrl.org/2008/role/label" xml:lang="nl" id="rj_RightsGrantedExcercisedGroupTypedMember_label_nl">Groep verleende rechten, uitgeoefend</label:label>
    <gen:arc xlink:type="arc" xlink:arcrole="http://xbrl.org/arcrole/2008/element-label" xlink:from="rj_RightsGrantedExcercisedGroupTypedMember_loc" xlink:to="rj_RightsGrantedExcercisedGroupTypedMember_label_nl"/>
    <link:loc xlink:type="locator" xlink:href="rj_cor.xsd#rj_RightsGrantedNotYetExcercisedGroupTypedMember" xlink:label="rj_RightsGrantedNotYetExcercisedGroupTypedMember_loc"/>
    <label:label xlink:type="resource" xlink:label="rj_RightsGrantedNotYetExcercisedGroupTypedMember_label_nl" xlink:role="http://www.xbrl.org/2008/role/label" xml:lang="nl" id="rj_RightsGrantedNotYetExcercisedGroupTypedMember_label_nl">Groep verleende rechten, nog niet uitgeoefend</label:label>
    <gen:arc xlink:type="arc" xlink:arcrole="http://xbrl.org/arcrole/2008/element-label" xlink:from="rj_RightsGrantedNotYetExcercisedGroupTypedMember_loc" xlink:to="rj_RightsGrantedNotYetExcercisedGroupTypedMember_label_nl"/>
    <link:loc xlink:type="locator" xlink:href="rj_cor.xsd#rj_RiskGroupTypedMember" xlink:label="rj_RiskGroupTypedMember_loc"/>
    <label:label xlink:type="resource" xlink:label="rj_RiskGroupTypedMember_label_nl" xlink:role="http://www.xbrl.org/2008/role/label" xml:lang="nl" id="rj_RiskGroupTypedMember_label_nl">Risico groep</label:label>
    <gen:arc xlink:type="arc" xlink:arcrole="http://xbrl.org/arcrole/2008/element-label" xlink:from="rj_RiskGroupTypedMember_loc" xlink:to="rj_RiskGroupTypedMember_label_nl"/>
    <link:loc xlink:type="locator" xlink:href="rj_cor.xsd#rj_SectorTypedMember" xlink:label="rj_SectorTypedMember_loc"/>
    <label:label xlink:type="resource" xlink:label="rj_SectorTypedMember_label_nl" xlink:role="http://www.xbrl.org/2008/role/label" xml:lang="nl" id="rj_SectorTypedMember_label_nl">Sector</label:label>
    <gen:arc xlink:type="arc" xlink:arcrole="http://xbrl.org/arcrole/2008/element-label" xlink:from="rj_SectorTypedMember_loc" xlink:to="rj_SectorTypedMember_label_nl"/>
    <link:loc xlink:type="locator" xlink:href="rj_cor.xsd#rj_SegmentReportingTypedMember" xlink:label="rj_SegmentReportingTypedMember_loc"/>
    <label:label xlink:type="resource" xlink:label="rj_SegmentReportingTypedMember_label_nl" xlink:role="http://www.xbrl.org/2008/role/label" xml:lang="nl" id="rj_SegmentReportingTypedMember_label_nl">Segment informatie</label:label>
    <gen:arc xlink:type="arc" xlink:arcrole="http://xbrl.org/arcrole/2008/element-label" xlink:from="rj_SegmentReportingTypedMember_loc" xlink:to="rj_SegmentReportingTypedMember_label_nl"/>
    <link:loc xlink:type="locator" xlink:href="rj_cor.xsd#rj_ShareCertificatesTypedMember" xlink:label="rj_ShareCertificatesTypedMember_loc"/>
    <label:label xlink:type="resource" xlink:label="rj_ShareCertificatesTypedMember_label_nl" xlink:role="http://www.xbrl.org/2008/role/label" xml:lang="nl" id="rj_ShareCertificatesTypedMember_label_nl">Certificaten van aandelen</label:label>
    <gen:arc xlink:type="arc" xlink:arcrole="http://xbrl.org/arcrole/2008/element-label" xlink:from="rj_ShareCertificatesTypedMember_loc" xlink:to="rj_ShareCertificatesTypedMember_label_nl"/>
    <link:loc xlink:type="locator" xlink:href="rj_cor.xsd#rj_SharesHeldInAdministrationTypedMember" xlink:label="rj_SharesHeldInAdministrationTypedMember_loc"/>
    <label:label xlink:type="resource" xlink:label="rj_SharesHeldInAdministrationTypedMember_label_nl" xlink:role="http://www.xbrl.org/2008/role/label" xml:lang="nl" id="rj_SharesHeldInAdministrationTypedMember_label_nl">In beheer gehouden aandelen</label:label>
    <gen:arc xlink:type="arc" xlink:arcrole="http://xbrl.org/arcrole/2008/element-label" xlink:from="rj_SharesHeldInAdministrationTypedMember_loc" xlink:to="rj_SharesHeldInAdministrationTypedMember_label_nl"/>
    <link:loc xlink:type="locator" xlink:href="rj_cor.xsd#rj_SourceOfProfitMember" xlink:label="rj_SourceOfProfitMember_loc"/>
    <label:label xlink:type="resource" xlink:label="rj_SourceOfProfitMember_label_nl" xlink:role="http://www.xbrl.org/2008/role/label" xml:lang="nl" id="rj_SourceOfProfitMember_label_nl">Winstbron</label:label>
    <gen:arc xlink:type="arc" xlink:arcrole="http://xbrl.org/arcrole/2008/element-label" xlink:from="rj_SourceOfProfitMember_loc" xlink:to="rj_SourceOfProfitMember_label_nl"/>
    <link:loc xlink:type="locator" xlink:href="rj_cor.xsd#rj_SpecialPurposeTypedMember" xlink:label="rj_SpecialPurposeTypedMember_loc"/>
    <label:label xlink:type="resource" xlink:label="rj_SpecialPurposeTypedMember_label_nl" xlink:role="http://www.xbrl.org/2008/role/label" xml:lang="nl" id="rj_SpecialPurposeTypedMember_label_nl">Bijzondere bestemming</label:label>
    <gen:arc xlink:type="arc" xlink:arcrole="http://xbrl.org/arcrole/2008/element-label" xlink:from="rj_SpecialPurposeTypedMember_loc" xlink:to="rj_SpecialPurposeTypedMember_label_nl"/>
    <link:loc xlink:type="locator" xlink:href="rj_cor.xsd#rj_StatisticalConnectionFactorsIncomeTaxAndResultBeforeTaxTypedMember" xlink:label="rj_StatisticalConnectionFactorsIncomeTaxAndResultBeforeTaxTypedMember_loc"/>
    <label:label xlink:type="resource" xlink:label="rj_StatisticalConnectionFactorsIncomeTaxAndResultBeforeTaxTypedMember_label_nl" xlink:role="http://www.xbrl.org/2008/role/label" xml:lang="nl" id="rj_StatisticalConnectionFactorsIncomeTaxAndResultBeforeTaxTypedMember_label_nl">Factoren die de relatie tussen belastinglast of -bate en de winst beïnvloeden</label:label>
    <gen:arc xlink:type="arc" xlink:arcrole="http://xbrl.org/arcrole/2008/element-label" xlink:from="rj_StatisticalConnectionFactorsIncomeTaxAndResultBeforeTaxTypedMember_loc" xlink:to="rj_StatisticalConnectionFactorsIncomeTaxAndResultBeforeTaxTypedMember_label_nl"/>
    <link:loc xlink:type="locator" xlink:href="rj_cor.xsd#rj_StatutoryReserveDescriptionTypedMember" xlink:label="rj_StatutoryReserveDescriptionTypedMember_loc"/>
    <label:label xlink:type="resource" xlink:label="rj_StatutoryReserveDescriptionTypedMember_label_nl" xlink:role="http://www.xbrl.org/2008/role/label" xml:lang="nl" id="rj_StatutoryReserveDescriptionTypedMember_label_nl">Omschrijving van de statutaire reserve</label:label>
    <gen:arc xlink:type="arc" xlink:arcrole="http://xbrl.org/arcrole/2008/element-label" xlink:from="rj_StatutoryReserveDescriptionTypedMember_loc" xlink:to="rj_StatutoryReserveDescriptionTypedMember_label_nl"/>
    <link:loc xlink:type="locator" xlink:href="rj_cor.xsd#rj_SubfundsTypedMember" xlink:label="rj_SubfundsTypedMember_loc"/>
    <label:label xlink:type="resource" xlink:label="rj_SubfundsTypedMember_label_nl" xlink:role="http://www.xbrl.org/2008/role/label" xml:lang="nl" id="rj_SubfundsTypedMember_label_nl">Subfonds</label:label>
    <gen:arc xlink:type="arc" xlink:arcrole="http://xbrl.org/arcrole/2008/element-label" xlink:from="rj_SubfundsTypedMember_loc" xlink:to="rj_SubfundsTypedMember_label_nl"/>
    <link:loc xlink:type="locator" xlink:href="rj_cor.xsd#rj_SubordinatedLiabilitiesTypedMember" xlink:label="rj_SubordinatedLiabilitiesTypedMember_loc"/>
    <label:label xlink:type="resource" xlink:label="rj_SubordinatedLiabilitiesTypedMember_label_nl" xlink:role="http://www.xbrl.org/2008/role/label" xml:lang="nl" id="rj_SubordinatedLiabilitiesTypedMember_label_nl">Achtergestelde schulden</label:label>
    <gen:arc xlink:type="arc" xlink:arcrole="http://xbrl.org/arcrole/2008/element-label" xlink:from="rj_SubordinatedLiabilitiesTypedMember_loc" xlink:to="rj_SubordinatedLiabilitiesTypedMember_label_nl"/>
    <link:loc xlink:type="locator" xlink:href="rj_cor.xsd#rj_SubsequentEventsTypedMember" xlink:label="rj_SubsequentEventsTypedMember_loc"/>
    <label:label xlink:type="resource" xlink:label="rj_SubsequentEventsTypedMember_label_nl" xlink:role="http://www.xbrl.org/2008/role/label" xml:lang="nl" id="rj_SubsequentEventsTypedMember_label_nl">Gebeurtenis na balansdatum</label:label>
    <gen:arc xlink:type="arc" xlink:arcrole="http://xbrl.org/arcrole/2008/element-label" xlink:from="rj_SubsequentEventsTypedMember_loc" xlink:to="rj_SubsequentEventsTypedMember_label_nl"/>
    <link:loc xlink:type="locator" xlink:href="rj_cor.xsd#rj_SubsidyIncomeTypedMember" xlink:label="rj_SubsidyIncomeTypedMember_loc"/>
    <label:label xlink:type="resource" xlink:label="rj_SubsidyIncomeTypedMember_label_nl" xlink:role="http://www.xbrl.org/2008/role/label" xml:lang="nl" id="rj_SubsidyIncomeTypedMember_label_nl">Subsidiebaten</label:label>
    <gen:arc xlink:type="arc" xlink:arcrole="http://xbrl.org/arcrole/2008/element-label" xlink:from="rj_SubsidyIncomeTypedMember_loc" xlink:to="rj_SubsidyIncomeTypedMember_label_nl"/>
    <label:label xlink:type="resource" xlink:label="rj_SubsidyIncomeTypedMember_verboseLabel_nl" xlink:role="http://www.xbrl.org/2008/role/verboseLabel" xml:lang="nl" id="rj_SubsidyIncomeTypedMember_verboseLabel_nl">Beschrijving van subsidiebaten</label:label>
    <gen:arc xlink:type="arc" xlink:arcrole="http://xbrl.org/arcrole/2008/element-label" xlink:from="rj_SubsidyIncomeTypedMember_loc" xlink:to="rj_SubsidyIncomeTypedMember_verboseLabel_nl"/>
    <link:loc xlink:type="locator" xlink:href="rj_cor.xsd#rj_TangibleAssetsOtherTypedMember" xlink:label="rj_TangibleAssetsOtherTypedMember_loc"/>
    <label:label xlink:type="resource" xlink:label="rj_TangibleAssetsOtherTypedMember_label_nl" xlink:role="http://www.xbrl.org/2008/role/label" xml:lang="nl" id="rj_TangibleAssetsOtherTypedMember_label_nl">Categorie van andere vaste bedrijfsmiddelen</label:label>
    <gen:arc xlink:type="arc" xlink:arcrole="http://xbrl.org/arcrole/2008/element-label" xlink:from="rj_TangibleAssetsOtherTypedMember_loc" xlink:to="rj_TangibleAssetsOtherTypedMember_label_nl"/>
    <link:loc xlink:type="locator" xlink:href="rj_cor.xsd#rj_TechnicalProvisionOtherTypedMember" xlink:label="rj_TechnicalProvisionOtherTypedMember_loc"/>
    <label:label xlink:type="resource" xlink:label="rj_TechnicalProvisionOtherTypedMember_label_nl" xlink:role="http://www.xbrl.org/2008/role/label" xml:lang="nl" id="rj_TechnicalProvisionOtherTypedMember_label_nl">Categorie van overige technische voorziening</label:label>
    <gen:arc xlink:type="arc" xlink:arcrole="http://xbrl.org/arcrole/2008/element-label" xlink:from="rj_TechnicalProvisionOtherTypedMember_loc" xlink:to="rj_TechnicalProvisionOtherTypedMember_label_nl"/>
    <link:loc xlink:type="locator" xlink:href="rj_cor.xsd#rj_YearTypedMember" xlink:label="rj_YearTypedMember_loc"/>
    <label:label xlink:type="resource" xlink:label="rj_YearTypedMember_label_nl" xlink:role="http://www.xbrl.org/2008/role/label" xml:lang="nl" id="rj_YearTypedMember_label_nl">Jaar</label:label>
    <gen:arc xlink:type="arc" xlink:arcrole="http://xbrl.org/arcrole/2008/element-label" xlink:from="rj_YearTypedMember_loc" xlink:to="rj_YearTypedMember_label_nl"/>
    <link:loc xlink:type="locator" xlink:href="rj_cor.xsd#rj_NameOfSeniorOfficialRemuneration1700OrLessAntiCumulationTypedMember" xlink:label="rj_NameOfSeniorOfficialRemuneration1700OrLessAntiCumulationTypedMember_loc"/>
    <label:label xlink:type="resource" xlink:label="rj_NameOfSeniorOfficialRemuneration1700OrLessAntiCumulationTypedMember_label_nl" xlink:role="http://www.xbrl.org/2008/role/label" xml:lang="nl" id="rj_NameOfSeniorOfficialRemuneration1700OrLessAntiCumulationTypedMember_label_nl">Naam van topfunctionaris</label:label>
    <gen:arc xlink:type="arc" xlink:arcrole="http://xbrl.org/arcrole/2008/element-label" xlink:from="rj_NameOfSeniorOfficialRemuneration1700OrLessAntiCumulationTypedMember_loc" xlink:to="rj_NameOfSeniorOfficialRemuneration1700OrLessAntiCumulationTypedMember_label_nl"/>
    <link:loc xlink:type="locator" xlink:href="rj_cor.xsd#rj_NameOfSeniorOfficialRemuneration1700OrLessAntiCumulationTypedMember" xlink:label="rj_NameOfSeniorOfficialRemuneration1700OrLessAntiCumulationTypedMember_loc"/>
    <label:label xlink:type="resource" xlink:label="rj_NameOfSeniorOfficialRemuneration1700OrLessAntiCumulationTypedMember_documentation_nl" xlink:role="http://www.xbrl.org/2008/role/documentation" xml:lang="nl" id="rj_NameOfSeniorOfficialRemuneration1700OrLessAntiCumulationTypedMember_documentation_nl">De naam (bestaande uit de voorletters en achternaam) van de topfunctionaris</label:label>
    <gen:arc xlink:type="arc" xlink:arcrole="http://xbrl.org/arcrole/2008/element-label" xlink:from="rj_NameOfSeniorOfficialRemuneration1700OrLessAntiCumulationTypedMember_loc" xlink:to="rj_NameOfSeniorOfficialRemuneration1700OrLessAntiCumulationTypedMember_documentation_nl"/>
    <link:loc xlink:type="locator" xlink:href="rj_cor.xsd#rj_NameOfSeniorOfficialRemuneration1700OrMoreAccumulatedTypedMember" xlink:label="rj_NameOfSeniorOfficialRemuneration1700OrMoreAccumulatedTypedMember_loc"/>
    <label:label xlink:type="resource" xlink:label="rj_NameOfSeniorOfficialRemuneration1700OrMoreAccumulatedTypedMember_label_nl" xlink:role="http://www.xbrl.org/2008/role/label" xml:lang="nl" id="rj_NameOfSeniorOfficialRemuneration1700OrMoreAccumulatedTypedMember_label_nl">Naam van niet toezichthoudende topfunctionaris</label:label>
    <gen:arc xlink:type="arc" xlink:arcrole="http://xbrl.org/arcrole/2008/element-label" xlink:from="rj_NameOfSeniorOfficialRemuneration1700OrMoreAccumulatedTypedMember_loc" xlink:to="rj_NameOfSeniorOfficialRemuneration1700OrMoreAccumulatedTypedMember_label_nl"/>
    <link:loc xlink:type="locator" xlink:href="rj_cor.xsd#rj_NameOfSeniorOfficialRemuneration1700OrMoreAccumulatedTypedMember" xlink:label="rj_NameOfSeniorOfficialRemuneration1700OrMoreAccumulatedTypedMember_loc"/>
    <label:label xlink:type="resource" xlink:label="rj_NameOfSeniorOfficialRemuneration1700OrMoreAccumulatedTypedMember_documentation_nl" xlink:role="http://www.xbrl.org/2008/role/documentation" xml:lang="nl" id="rj_NameOfSeniorOfficialRemuneration1700OrMoreAccumulatedTypedMember_documentation_nl">De naam (bestaande uit de voorletters en achternaam) van de niet toezichthoudende topfunctionaris</label:label>
    <gen:arc xlink:type="arc" xlink:arcrole="http://xbrl.org/arcrole/2008/element-label" xlink:from="rj_NameOfSeniorOfficialRemuneration1700OrMoreAccumulatedTypedMember_loc" xlink:to="rj_NameOfSeniorOfficialRemuneration1700OrMoreAccumulatedTypedMember_documentation_nl"/>
    <link:loc xlink:type="locator" xlink:href="rj_cor.xsd#rj_NameOfSeniorOfficialTypedMember" xlink:label="rj_NameOfSeniorOfficialTypedMember_loc"/>
    <label:label xlink:type="resource" xlink:label="rj_NameOfSeniorOfficialTypedMember_label_nl" xlink:role="http://www.xbrl.org/2008/role/label" xml:lang="nl" id="rj_NameOfSeniorOfficialTypedMember_label_nl">Naam van topfunctionaris</label:label>
    <gen:arc xlink:type="arc" xlink:arcrole="http://xbrl.org/arcrole/2008/element-label" xlink:from="rj_NameOfSeniorOfficialTypedMember_loc" xlink:to="rj_NameOfSeniorOfficialTypedMember_label_nl"/>
    <link:loc xlink:type="locator" xlink:href="rj_cor.xsd#rj_NameOfSeniorOfficialTypedMember" xlink:label="rj_NameOfSeniorOfficialTypedMember_loc"/>
    <label:label xlink:type="resource" xlink:label="rj_NameOfSeniorOfficialTypedMember_documentation_nl" xlink:role="http://www.xbrl.org/2008/role/documentation" xml:lang="nl" id="rj_NameOfSeniorOfficialTypedMember_documentation_nl">De naam (bestaande uit de voorletters en achternaam) van de topfunctionaris</label:label>
    <gen:arc xlink:type="arc" xlink:arcrole="http://xbrl.org/arcrole/2008/element-label" xlink:from="rj_NameOfSeniorOfficialTypedMember_loc" xlink:to="rj_NameOfSeniorOfficialTypedMember_documentation_nl"/>
    <link:loc xlink:type="locator" xlink:href="rj_cor.xsd#rj_NameOfSupervisorySeniorOfficialWithoutEmploymentTypedMember" xlink:label="rj_NameOfSupervisorySeniorOfficialWithoutEmploymentTypedMember_loc"/>
    <label:label xlink:type="resource" xlink:label="rj_NameOfSupervisorySeniorOfficialWithoutEmploymentTypedMember_label_nl" xlink:role="http://www.xbrl.org/2008/role/label" xml:lang="nl" id="rj_NameOfSupervisorySeniorOfficialWithoutEmploymentTypedMember_label_nl">Naam van toezichthoudende topfunctionaris</label:label>
    <gen:arc xlink:type="arc" xlink:arcrole="http://xbrl.org/arcrole/2008/element-label" xlink:from="rj_NameOfSupervisorySeniorOfficialWithoutEmploymentTypedMember_loc" xlink:to="rj_NameOfSupervisorySeniorOfficialWithoutEmploymentTypedMember_label_nl"/>
    <link:loc xlink:type="locator" xlink:href="rj_cor.xsd#rj_NameOfSupervisorySeniorOfficialWithoutEmploymentTypedMember" xlink:label="rj_NameOfSupervisorySeniorOfficialWithoutEmploymentTypedMember_loc"/>
    <label:label xlink:type="resource" xlink:label="rj_NameOfSupervisorySeniorOfficialWithoutEmploymentTypedMember_documentation_nl" xlink:role="http://www.xbrl.org/2008/role/documentation" xml:lang="nl" id="rj_NameOfSupervisorySeniorOfficialWithoutEmploymentTypedMember_documentation_nl">De naam (bestaande uit de voorletters en achternaam) van de toezichthoudende topfunctionaris</label:label>
    <gen:arc xlink:type="arc" xlink:arcrole="http://xbrl.org/arcrole/2008/element-label" xlink:from="rj_NameOfSupervisorySeniorOfficialWithoutEmploymentTypedMember_loc" xlink:to="rj_NameOfSupervisorySeniorOfficialWithoutEmploymentTypedMember_documentation_nl"/>
    <link:loc xlink:type="locator" xlink:href="rj_cor.xsd#rj_PositionOfNonSeniorOfficialsTypedMember" xlink:label="rj_PositionOfNonSeniorOfficialsTypedMember_loc"/>
    <label:label xlink:type="resource" xlink:label="rj_PositionOfNonSeniorOfficialsTypedMember_label_nl" xlink:role="http://www.xbrl.org/2008/role/label" xml:lang="nl" id="rj_PositionOfNonSeniorOfficialsTypedMember_label_nl">Functie van de niet-topfunctionaris</label:label>
    <gen:arc xlink:type="arc" xlink:arcrole="http://xbrl.org/arcrole/2008/element-label" xlink:from="rj_PositionOfNonSeniorOfficialsTypedMember_loc" xlink:to="rj_PositionOfNonSeniorOfficialsTypedMember_label_nl"/>
    <link:loc xlink:type="locator" xlink:href="rj_cor.xsd#rj_PositionOfNonSeniorOfficialsTypedMember" xlink:label="rj_PositionOfNonSeniorOfficialsTypedMember_loc"/>
    <label:label xlink:type="resource" xlink:label="rj_PositionOfNonSeniorOfficialsTypedMember_documentation_nl" xlink:role="http://www.xbrl.org/2008/role/documentation" xml:lang="nl" id="rj_PositionOfNonSeniorOfficialsTypedMember_documentation_nl">Beschrijving van de functie van de niet-topfunctionaris</label:label>
    <gen:arc xlink:type="arc" xlink:arcrole="http://xbrl.org/arcrole/2008/element-label" xlink:from="rj_PositionOfNonSeniorOfficialsTypedMember_loc" xlink:to="rj_PositionOfNonSeniorOfficialsTypedMember_documentation_nl"/>
    <link:loc xlink:type="locator" xlink:href="rj_cor.xsd#rj_WNTInstitutionTypedMember" xlink:label="rj_WNTInstitutionTypedMember_loc"/>
    <label:label xlink:type="resource" xlink:label="rj_WNTInstitutionTypedMember_label_nl" xlink:role="http://www.xbrl.org/2008/role/label" xml:lang="nl" id="rj_WNTInstitutionTypedMember_label_nl">Naam van de WNT-instelling(en) waar topfunctionaris werkzaam is</label:label>
    <gen:arc xlink:type="arc" xlink:arcrole="http://xbrl.org/arcrole/2008/element-label" xlink:from="rj_WNTInstitutionTypedMember_loc" xlink:to="rj_WNTInstitutionTypedMember_label_nl"/>
    <link:loc xlink:type="locator" xlink:href="rj_cor.xsd#rj_CommitteeNameTypedMember" xlink:label="rj_CommitteeNameTypedMember_loc"/>
    <label:label xlink:type="resource" xlink:label="rj_CommitteeNameTypedMember_label_nl" xlink:role="http://www.xbrl.org/2008/role/label" xml:lang="nl" id="rj_CommitteeNameTypedMember_label_nl">Naam van commissie</label:label>
    <gen:arc xlink:type="arc" xlink:arcrole="http://xbrl.org/arcrole/2008/element-label" xlink:from="rj_CommitteeNameTypedMember_loc" xlink:to="rj_CommitteeNameTypedMember_label_nl"/>
    <link:loc xlink:type="locator" xlink:href="rj_cor.xsd#rj_SupervisoryDirectorNameTypedMember" xlink:label="rj_SupervisoryDirectorNameTypedMember_loc"/>
    <label:label xlink:type="resource" xlink:label="rj_SupervisoryDirectorNameTypedMember_label_nl" xlink:role="http://www.xbrl.org/2008/role/label" xml:lang="nl" id="rj_SupervisoryDirectorNameTypedMember_label_nl">Naam van commissaris</label:label>
    <gen:arc xlink:type="arc" xlink:arcrole="http://xbrl.org/arcrole/2008/element-label" xlink:from="rj_SupervisoryDirectorNameTypedMember_loc" xlink:to="rj_SupervisoryDirectorNameTypedMember_label_nl"/>
    <link:loc xlink:type="locator" xlink:href="rj_cor.xsd#rj_FinancialStatementEE" xlink:label="rj_FinancialStatementEE_loc"/>
    <label:label xlink:type="resource" xlink:label="rj_FinancialStatementEE_label_nl" xlink:role="http://www.xbrl.org/2008/role/label" xml:lang="nl" id="rj_FinancialStatementEE_label_nl">Grondslag Jaarrekening (EE)</label:label>
    <gen:arc xlink:type="arc" xlink:arcrole="http://xbrl.org/arcrole/2008/element-label" xlink:from="rj_FinancialStatementEE_loc" xlink:to="rj_FinancialStatementEE_label_nl"/>
    <link:loc xlink:type="locator" xlink:href="rj_cor.xsd#rj_FinancialStatementWNTEE" xlink:label="rj_FinancialStatementWNTEE_loc"/>
    <label:label xlink:type="resource" xlink:label="rj_FinancialStatementWNTEE_label_nl" xlink:role="http://www.xbrl.org/2008/role/label" xml:lang="nl" id="rj_FinancialStatementWNTEE_label_nl">Grondslag Jaarrekening WNT (EE)</label:label>
    <gen:arc xlink:type="arc" xlink:arcrole="http://xbrl.org/arcrole/2008/element-label" xlink:from="rj_FinancialStatementWNTEE_loc" xlink:to="rj_FinancialStatementWNTEE_label_nl"/>
    <link:loc xlink:type="locator" xlink:href="rj_cor.xsd#rj_StagesOfAdoptionEE" xlink:label="rj_StagesOfAdoptionEE_loc"/>
    <label:label xlink:type="resource" xlink:label="rj_StagesOfAdoptionEE_label_nl" xlink:role="http://www.xbrl.org/2008/role/label" xml:lang="nl" id="rj_StagesOfAdoptionEE_label_nl">Stadium van vaststelling (EE)</label:label>
    <gen:arc xlink:type="arc" xlink:arcrole="http://xbrl.org/arcrole/2008/element-label" xlink:from="rj_StagesOfAdoptionEE_loc" xlink:to="rj_StagesOfAdoptionEE_label_nl"/>
    <link:loc xlink:type="locator" xlink:href="rj_cor.xsd#rj_RelatedPartyMainActivitiesEE" xlink:label="rj_RelatedPartyMainActivitiesEE_loc"/>
    <label:label xlink:type="resource" xlink:label="rj_RelatedPartyMainActivitiesEE_label_nl" xlink:role="http://www.xbrl.org/2008/role/label" xml:lang="nl" id="rj_RelatedPartyMainActivitiesEE_label_nl">Belangrijkste activiteiten van de verbonden partij (EE)</label:label>
    <gen:arc xlink:type="arc" xlink:arcrole="http://xbrl.org/arcrole/2008/element-label" xlink:from="rj_RelatedPartyMainActivitiesEE_loc" xlink:to="rj_RelatedPartyMainActivitiesEE_label_nl"/>
    <link:loc xlink:type="locator" xlink:href="rj_cor.xsd#rj_GenderEE" xlink:label="rj_GenderEE_loc"/>
    <label:label xlink:type="resource" xlink:label="rj_GenderEE_label_nl" xlink:role="http://www.xbrl.org/2008/role/label" xml:lang="nl" id="rj_GenderEE_label_nl">Geslacht (EE)</label:label>
    <gen:arc xlink:type="arc" xlink:arcrole="http://xbrl.org/arcrole/2008/element-label" xlink:from="rj_GenderEE_loc" xlink:to="rj_GenderEE_label_nl"/>
  </gen:link>
</link:linkbase>
