<?xml version="1.0" encoding="UTF-8"?>
<link:linkbase xmlns:xsi="http://www.w3.org/2001/XMLSchema-instance" xsi:schemaLocation="http://www.xbrl.org/2003/linkbase http://www.xbrl.org/2003/xbrl-linkbase-2003-12-31.xsd http://www.w3.org/1999/xlink http://www.xbrl.org/2003/xlink-2003-12-31.xsd" xmlns:link="http://www.xbrl.org/2003/linkbase" xmlns:xbrldt="http://xbrl.org/2005/xbrldt" xmlns:xlink="http://www.w3.org/1999/xlink">
  <link:roleRef roleURI="https://www.nltaxonomie.nl/rj/taxonomy/2025-01-01/rj/financial-statement-ee" xlink:type="simple" xlink:href="rj_cor.xsd#rj_FinancialStatementEE"/>
  <link:roleRef roleURI="https://www.nltaxonomie.nl/rj/taxonomy/2025-01-01/rj/financial-statement-wnt-ee" xlink:type="simple" xlink:href="rj_cor.xsd#rj_FinancialStatementWNTEE"/>
  <link:roleRef roleURI="https://www.nltaxonomie.nl/rj/taxonomy/2025-01-01/rj/stages-of-adoption-ee" xlink:type="simple" xlink:href="rj_cor.xsd#rj_StagesOfAdoptionEE"/>
  <link:roleRef roleURI="https://www.nltaxonomie.nl/rj/taxonomy/2025-01-01/rj/related-party-main-activities-ee" xlink:type="simple" xlink:href="rj_cor.xsd#rj_RelatedPartyMainActivitiesEE"/>
  <link:roleRef roleURI="https://www.nltaxonomie.nl/rj/taxonomy/2025-01-01/rj/gender-ee" xlink:type="simple" xlink:href="rj_cor.xsd#rj_GenderEE"/>
  <link:arcroleRef arcroleURI="http://xbrl.org/int/dim/arcrole/domain-member" xlink:type="simple" xlink:href="http://www.xbrl.org/2005/xbrldt-2005.xsd#domain-member"/>
  <link:definitionLink xlink:type="extended" xlink:role="https://www.nltaxonomie.nl/rj/taxonomy/2025-01-01/rj/financial-statement-ee">
    <link:loc xlink:type="locator" xlink:href="rj_cor.xsd#rj_FinancialStatementDomain" xlink:label="loc_1"/>
    <link:loc xlink:type="locator" xlink:href="rj_cor.xsd#rj_FinancialStatementConsolidated" xlink:label="loc_2"/>
    <link:definitionArc xlink:type="arc" xlink:arcrole="http://xbrl.org/int/dim/arcrole/domain-member" xlink:from="loc_1" xlink:to="loc_2" xbrldt:usable="true"/>
    <link:loc xlink:type="locator" xlink:href="rj_cor.xsd#rj_FinancialStatementConsolidatedSeparate" xlink:label="loc_3"/>
    <link:definitionArc xlink:type="arc" xlink:arcrole="http://xbrl.org/int/dim/arcrole/domain-member" xlink:from="loc_1" xlink:to="loc_3" xbrldt:usable="true"/>
    <link:loc xlink:type="locator" xlink:href="rj_cor.xsd#rj_FinancialStatementSeparate" xlink:label="loc_4"/>
    <link:definitionArc xlink:type="arc" xlink:arcrole="http://xbrl.org/int/dim/arcrole/domain-member" xlink:from="loc_1" xlink:to="loc_4" xbrldt:usable="true"/>
  </link:definitionLink>
  <link:definitionLink xlink:type="extended" xlink:role="https://www.nltaxonomie.nl/rj/taxonomy/2025-01-01/rj/stages-of-adoption-ee">
    <link:loc xlink:type="locator" xlink:href="rj_cor.xsd#rj_StagesOfAdoptionDomain" xlink:label="loc_1"/>
    <link:loc xlink:type="locator" xlink:href="rj_cor.xsd#rj_DefinitiveAdoptionNZA" xlink:label="loc_2"/>
    <link:definitionArc xlink:type="arc" xlink:arcrole="http://xbrl.org/int/dim/arcrole/domain-member" xlink:from="loc_1" xlink:to="loc_2" xbrldt:usable="true"/>
    <link:loc xlink:type="locator" xlink:href="rj_cor.xsd#rj_InternalCalculation" xlink:label="loc_3"/>
    <link:definitionArc xlink:type="arc" xlink:arcrole="http://xbrl.org/int/dim/arcrole/domain-member" xlink:from="loc_1" xlink:to="loc_3" xbrldt:usable="true"/>
    <link:loc xlink:type="locator" xlink:href="rj_cor.xsd#rj_AgreementHealthcareInsurer" xlink:label="loc_4"/>
    <link:definitionArc xlink:type="arc" xlink:arcrole="http://xbrl.org/int/dim/arcrole/domain-member" xlink:from="loc_1" xlink:to="loc_4" xbrldt:usable="true"/>
  </link:definitionLink>
  <link:definitionLink xlink:type="extended" xlink:role="https://www.nltaxonomie.nl/rj/taxonomy/2025-01-01/rj/related-party-main-activities-ee">
    <link:loc xlink:type="locator" xlink:href="rj_cor.xsd#rj_RelatedPartyMainActivitiesDomain" xlink:label="loc_1"/>
    <link:loc xlink:type="locator" xlink:href="rj_cor.xsd#rj_ContractTeaching" xlink:label="loc_2"/>
    <link:definitionArc xlink:type="arc" xlink:arcrole="http://xbrl.org/int/dim/arcrole/domain-member" xlink:from="loc_1" xlink:to="loc_2" xbrldt:usable="true"/>
    <link:loc xlink:type="locator" xlink:href="rj_cor.xsd#rj_ContractResearch" xlink:label="loc_3"/>
    <link:definitionArc xlink:type="arc" xlink:arcrole="http://xbrl.org/int/dim/arcrole/domain-member" xlink:from="loc_1" xlink:to="loc_3" xbrldt:usable="true"/>
    <link:loc xlink:type="locator" xlink:href="rj_cor.xsd#rj_RealEstate" xlink:label="loc_4"/>
    <link:definitionArc xlink:type="arc" xlink:arcrole="http://xbrl.org/int/dim/arcrole/domain-member" xlink:from="loc_1" xlink:to="loc_4" xbrldt:usable="true"/>
    <link:loc xlink:type="locator" xlink:href="rj_cor.xsd#rj_OtherActivities" xlink:label="loc_5"/>
    <link:definitionArc xlink:type="arc" xlink:arcrole="http://xbrl.org/int/dim/arcrole/domain-member" xlink:from="loc_1" xlink:to="loc_5" xbrldt:usable="true"/>
  </link:definitionLink>
  <link:definitionLink xlink:type="extended" xlink:role="https://www.nltaxonomie.nl/rj/taxonomy/2025-01-01/rj/gender-ee">
    <link:loc xlink:type="locator" xlink:href="rj_cor.xsd#rj_GenderDomain" xlink:label="loc_1"/>
    <link:loc xlink:type="locator" xlink:href="rj_cor.xsd#rj_Female" xlink:label="loc_2"/>
    <link:definitionArc xlink:type="arc" xlink:arcrole="http://xbrl.org/int/dim/arcrole/domain-member" xlink:from="loc_1" xlink:to="loc_2" xbrldt:usable="true"/>
    <link:loc xlink:type="locator" xlink:href="rj_cor.xsd#rj_Male" xlink:label="loc_3"/>
    <link:definitionArc xlink:type="arc" xlink:arcrole="http://xbrl.org/int/dim/arcrole/domain-member" xlink:from="loc_1" xlink:to="loc_3" xbrldt:usable="true"/>
    <link:loc xlink:type="locator" xlink:href="rj_cor.xsd#rj_Unknown" xlink:label="loc_4"/>
    <link:definitionArc xlink:type="arc" xlink:arcrole="http://xbrl.org/int/dim/arcrole/domain-member" xlink:from="loc_1" xlink:to="loc_4" xbrldt:usable="true"/>
  </link:definitionLink>
  <link:definitionLink xlink:type="extended" xlink:role="https://www.nltaxonomie.nl/rj/taxonomy/2025-01-01/rj/financial-statement-wnt-ee">
    <link:loc xlink:type="locator" xlink:href="rj_cor.xsd#rj_FinancialStatementDomain" xlink:label="loc_1"/>
    <link:loc xlink:type="locator" xlink:href="rj_cor.xsd#rj_FinancialStatementConsolidated" xlink:label="loc_2"/>
    <link:definitionArc xlink:type="arc" xlink:arcrole="http://xbrl.org/int/dim/arcrole/domain-member" xlink:from="loc_1" xlink:to="loc_2" xbrldt:usable="true"/>
    <link:loc xlink:type="locator" xlink:href="rj_cor.xsd#rj_FinancialStatementConsolidatedSeparate" xlink:label="loc_3"/>
    <link:definitionArc xlink:type="arc" xlink:arcrole="http://xbrl.org/int/dim/arcrole/domain-member" xlink:from="loc_1" xlink:to="loc_3" xbrldt:usable="true"/>
    <link:loc xlink:type="locator" xlink:href="rj_cor.xsd#rj_FinancialStatementSeparate" xlink:label="loc_4"/>
    <link:definitionArc xlink:type="arc" xlink:arcrole="http://xbrl.org/int/dim/arcrole/domain-member" xlink:from="loc_1" xlink:to="loc_4" xbrldt:usable="true"/>
    <link:loc xlink:type="locator" xlink:href="rj_cor.xsd#rj_FinancialStatementOther" xlink:label="loc_5"/>
    <link:definitionArc xlink:type="arc" xlink:arcrole="http://xbrl.org/int/dim/arcrole/domain-member" xlink:from="loc_1" xlink:to="loc_5" xbrldt:usable="true"/>
  </link:definitionLink>
</link:linkbase>
