<?xml version="1.0" encoding="UTF-8"?>
<link:linkbase xmlns:xsi="http://www.w3.org/2001/XMLSchema-instance" xsi:schemaLocation="http://www.xbrl.org/2003/linkbase http://www.xbrl.org/2003/xbrl-linkbase-2003-12-31.xsd http://www.w3.org/1999/xlink http://www.xbrl.org/2003/xlink-2003-12-31.xsd http://www.xbrl.org/2006/ref http://www.xbrl.org/2006/ref-2006-02-27.xsd http://xbrl.org/2008/generic http://www.xbrl.org/2008/generic-link.xsd http://xbrl.org/2008/reference http://www.xbrl.org/2008/generic-reference.xsd" xmlns:reference="http://xbrl.org/2008/reference" xmlns:gen="http://xbrl.org/2008/generic" xmlns:link="http://www.xbrl.org/2003/linkbase" xmlns:ref="http://www.xbrl.org/2006/ref" xmlns:xlink="http://www.w3.org/1999/xlink">
  <link:roleRef roleURI="http://www.xbrl.org/2008/role/reference" xlink:type="simple" xlink:href="http://www.xbrl.org/2008/generic-reference.xsd#standard-reference"/>
  <link:roleRef roleURI="http://www.xbrl.org/2008/role/link" xlink:type="simple" xlink:href="http://www.xbrl.org/2008/generic-link.xsd#standard-link-role"/>
  <link:arcroleRef arcroleURI="http://xbrl.org/arcrole/2008/element-reference" xlink:type="simple" xlink:href="http://www.xbrl.org/2008/generic-reference.xsd#element-reference"/>
  <gen:link xlink:type="extended" xlink:role="http://www.xbrl.org/2008/role/link">
    <link:loc xlink:type="locator" xlink:href="rj_cor.xsd#rj_AccruedIncomeOtherTypedMember" xlink:label="rj_AccruedIncomeOtherTypedMember_loc"/>
    <reference:reference xlink:type="resource" xlink:label="rj_RJ_2021-01-01_115_214_ref" xlink:role="http://www.xbrl.org/2008/role/reference" id="rj_RJ_2021-01-01_115_214_ref">
      <ref:Chapter>115</ref:Chapter>
      <ref:IssueDate>2021-01-01</ref:IssueDate>
      <ref:Name>Richtlijnen voor de jaarverslaggeving</ref:Name>
      <ref:Paragraph>214</ref:Paragraph>
    </reference:reference>
    <gen:arc xlink:type="arc" xlink:arcrole="http://xbrl.org/arcrole/2008/element-reference" xlink:from="rj_AccruedIncomeOtherTypedMember_loc" xlink:to="rj_RJ_2021-01-01_115_214_ref"/>
    <link:loc xlink:type="locator" xlink:href="rj_cor.xsd#rj_AssetsCashFlowGeneratingUnitTypedMember" xlink:label="rj_AssetsCashFlowGeneratingUnitTypedMember_loc"/>
    <reference:reference xlink:type="resource" xlink:label="rj_RJ_2021-01-01_121_805_D_ref" xlink:role="http://www.xbrl.org/2008/role/reference" id="rj_RJ_2021-01-01_121_805_D_ref">
      <ref:Chapter>121</ref:Chapter>
      <ref:IssueDate>2021-01-01</ref:IssueDate>
      <ref:Name>Richtlijnen voor de jaarverslaggeving</ref:Name>
      <ref:Paragraph>805</ref:Paragraph>
      <ref:Subparagraph>d</ref:Subparagraph>
    </reference:reference>
    <gen:arc xlink:type="arc" xlink:arcrole="http://xbrl.org/arcrole/2008/element-reference" xlink:from="rj_AssetsCashFlowGeneratingUnitTypedMember_loc" xlink:to="rj_RJ_2021-01-01_121_805_D_ref"/>
    <link:loc xlink:type="locator" xlink:href="rj_cor.xsd#rj_AssetsFinancialLeasesTypedMember" xlink:label="rj_AssetsFinancialLeasesTypedMember_loc"/>
    <reference:reference xlink:type="resource" xlink:label="rj_RJ_2021-01-01_292_208_A_ref" xlink:role="http://www.xbrl.org/2008/role/reference" id="rj_RJ_2021-01-01_292_208_A_ref">
      <ref:Chapter>292</ref:Chapter>
      <ref:IssueDate>2021-01-01</ref:IssueDate>
      <ref:Name>Richtlijnen voor de jaarverslaggeving</ref:Name>
      <ref:Paragraph>208</ref:Paragraph>
      <ref:Subparagraph>a</ref:Subparagraph>
    </reference:reference>
    <gen:arc xlink:type="arc" xlink:arcrole="http://xbrl.org/arcrole/2008/element-reference" xlink:from="rj_AssetsFinancialLeasesTypedMember_loc" xlink:to="rj_RJ_2021-01-01_292_208_A_ref"/>
    <link:loc xlink:type="locator" xlink:href="rj_cor.xsd#rj_AssetsHeldAsInvestmentTypedMember" xlink:label="rj_AssetsHeldAsInvestmentTypedMember_loc"/>
    <reference:reference xlink:type="resource" xlink:label="rj_RJ_2021-01-01_650_317_ref" xlink:role="http://www.xbrl.org/2008/role/reference" id="rj_RJ_2021-01-01_650_317_ref">
      <ref:Chapter>650</ref:Chapter>
      <ref:IssueDate>2021-01-01</ref:IssueDate>
      <ref:Name>Richtlijnen voor de jaarverslaggeving</ref:Name>
      <ref:Paragraph>317</ref:Paragraph>
    </reference:reference>
    <gen:arc xlink:type="arc" xlink:arcrole="http://xbrl.org/arcrole/2008/element-reference" xlink:from="rj_AssetsHeldAsInvestmentTypedMember_loc" xlink:to="rj_RJ_2021-01-01_650_317_ref"/>
    <link:loc xlink:type="locator" xlink:href="rj_cor.xsd#rj_AssetsOtherTypedMember" xlink:label="rj_AssetsOtherTypedMember_loc"/>
    <reference:reference xlink:type="resource" xlink:label="rj_RJ_2021-01-01_610_213_ref" xlink:role="http://www.xbrl.org/2008/role/reference" id="rj_RJ_2021-01-01_610_213_ref">
      <ref:Chapter>610</ref:Chapter>
      <ref:IssueDate>2021-01-01</ref:IssueDate>
      <ref:Name>Richtlijnen voor de jaarverslaggeving</ref:Name>
      <ref:Paragraph>213</ref:Paragraph>
    </reference:reference>
    <gen:arc xlink:type="arc" xlink:arcrole="http://xbrl.org/arcrole/2008/element-reference" xlink:from="rj_AssetsOtherTypedMember_loc" xlink:to="rj_RJ_2021-01-01_610_213_ref"/>
    <link:loc xlink:type="locator" xlink:href="rj_cor.xsd#rj_CashflowGeneratingUnitTypedMember" xlink:label="rj_CashflowGeneratingUnitTypedMember_loc"/>
    <reference:reference xlink:type="resource" xlink:label="rj_RJ_2021-01-01_121_805_ref" xlink:role="http://www.xbrl.org/2008/role/reference" id="rj_RJ_2021-01-01_121_805_ref">
      <ref:Chapter>121</ref:Chapter>
      <ref:IssueDate>2021-01-01</ref:IssueDate>
      <ref:Name>Richtlijnen voor de jaarverslaggeving</ref:Name>
      <ref:Paragraph>805</ref:Paragraph>
    </reference:reference>
    <gen:arc xlink:type="arc" xlink:arcrole="http://xbrl.org/arcrole/2008/element-reference" xlink:from="rj_CashflowGeneratingUnitTypedMember_loc" xlink:to="rj_RJ_2021-01-01_121_805_ref"/>
    <link:loc xlink:type="locator" xlink:href="rj_cor.xsd#rj_CentralGovernmentContributionsTypedMember" xlink:label="rj_CentralGovernmentContributionsTypedMember_loc"/>
    <reference:reference xlink:type="resource" xlink:label="rj_RJ_2021-01-01_655_509_ref" xlink:role="http://www.xbrl.org/2008/role/reference" id="rj_RJ_2021-01-01_655_509_ref">
      <ref:Chapter>655</ref:Chapter>
      <ref:IssueDate>2021-01-01</ref:IssueDate>
      <ref:Name>Richtlijnen voor de jaarverslaggeving</ref:Name>
      <ref:Paragraph>509</ref:Paragraph>
    </reference:reference>
    <gen:arc xlink:type="arc" xlink:arcrole="http://xbrl.org/arcrole/2008/element-reference" xlink:from="rj_CentralGovernmentContributionsTypedMember_loc" xlink:to="rj_RJ_2021-01-01_655_509_ref"/>
    <link:loc xlink:type="locator" xlink:href="rj_cor.xsd#rj_ChangeAccountingEstimatesTypedMember" xlink:label="rj_ChangeAccountingEstimatesTypedMember_loc"/>
    <reference:reference xlink:type="resource" xlink:label="rj_RJ_2021-01-01_145_304_ref" xlink:role="http://www.xbrl.org/2008/role/reference" id="rj_RJ_2021-01-01_145_304_ref">
      <ref:Chapter>145</ref:Chapter>
      <ref:IssueDate>2021-01-01</ref:IssueDate>
      <ref:Name>Richtlijnen voor de jaarverslaggeving</ref:Name>
      <ref:Paragraph>304</ref:Paragraph>
    </reference:reference>
    <gen:arc xlink:type="arc" xlink:arcrole="http://xbrl.org/arcrole/2008/element-reference" xlink:from="rj_ChangeAccountingEstimatesTypedMember_loc" xlink:to="rj_RJ_2021-01-01_145_304_ref"/>
    <link:loc xlink:type="locator" xlink:href="rj_cor.xsd#rj_ChangeAccountingPoliciesTypedMember" xlink:label="rj_ChangeAccountingPoliciesTypedMember_loc"/>
    <reference:reference xlink:type="resource" xlink:label="rj_RJ_2021-01-01_140_214_ref" xlink:role="http://www.xbrl.org/2008/role/reference" id="rj_RJ_2021-01-01_140_214_ref">
      <ref:Chapter>140</ref:Chapter>
      <ref:IssueDate>2021-01-01</ref:IssueDate>
      <ref:Name>Richtlijnen voor de jaarverslaggeving</ref:Name>
      <ref:Paragraph>214</ref:Paragraph>
    </reference:reference>
    <gen:arc xlink:type="arc" xlink:arcrole="http://xbrl.org/arcrole/2008/element-reference" xlink:from="rj_ChangeAccountingPoliciesTypedMember_loc" xlink:to="rj_RJ_2021-01-01_140_214_ref"/>
    <reference:reference xlink:type="resource" xlink:label="rj_RJk_2021-01-01_A3_114_ref" xlink:role="http://www.xbrl.org/2008/role/reference" id="rj_RJk_2021-01-01_A3_114_ref">
      <ref:Chapter>A3</ref:Chapter>
      <ref:IssueDate>2021-01-01</ref:IssueDate>
      <ref:Name>Richtlijnen voor de jaarverslaggeving voor kleine rechtspersonen</ref:Name>
      <ref:Paragraph>114</ref:Paragraph>
    </reference:reference>
    <gen:arc xlink:type="arc" xlink:arcrole="http://xbrl.org/arcrole/2008/element-reference" xlink:from="rj_ChangeAccountingPoliciesTypedMember_loc" xlink:to="rj_RJk_2021-01-01_A3_114_ref"/>
    <link:loc xlink:type="locator" xlink:href="rj_cor.xsd#rj_ClassOfSharesTypedMember" xlink:label="rj_ClassOfSharesTypedMember_loc"/>
    <reference:reference xlink:type="resource" xlink:label="rj_RJ_2021-01-01_615_413_ref" xlink:role="http://www.xbrl.org/2008/role/reference" id="rj_RJ_2021-01-01_615_413_ref">
      <ref:Chapter>615</ref:Chapter>
      <ref:IssueDate>2021-01-01</ref:IssueDate>
      <ref:Name>Richtlijnen voor de jaarverslaggeving</ref:Name>
      <ref:Paragraph>413</ref:Paragraph>
    </reference:reference>
    <gen:arc xlink:type="arc" xlink:arcrole="http://xbrl.org/arcrole/2008/element-reference" xlink:from="rj_ClassOfSharesTypedMember_loc" xlink:to="rj_RJ_2021-01-01_615_413_ref"/>
    <link:loc xlink:type="locator" xlink:href="rj_cor.xsd#rj_ClassTypedMember" xlink:label="rj_ClassTypedMember_loc"/>
    <reference:reference xlink:type="resource" xlink:label="rj_RJ_2021-01-01_610_404_ref" xlink:role="http://www.xbrl.org/2008/role/reference" id="rj_RJ_2021-01-01_610_404_ref">
      <ref:Chapter>610</ref:Chapter>
      <ref:IssueDate>2021-01-01</ref:IssueDate>
      <ref:Name>Richtlijnen voor de jaarverslaggeving</ref:Name>
      <ref:Paragraph>404</ref:Paragraph>
    </reference:reference>
    <gen:arc xlink:type="arc" xlink:arcrole="http://xbrl.org/arcrole/2008/element-reference" xlink:from="rj_ClassTypedMember_loc" xlink:to="rj_RJ_2021-01-01_610_404_ref"/>
    <link:loc xlink:type="locator" xlink:href="rj_cor.xsd#rj_CollateralTypedMember" xlink:label="rj_CollateralTypedMember_loc"/>
    <reference:reference xlink:type="resource" xlink:label="rj_RJ_2021-01-01_600_209_ref" xlink:role="http://www.xbrl.org/2008/role/reference" id="rj_RJ_2021-01-01_600_209_ref">
      <ref:Chapter>600</ref:Chapter>
      <ref:IssueDate>2021-01-01</ref:IssueDate>
      <ref:Name>Richtlijnen voor de jaarverslaggeving</ref:Name>
      <ref:Paragraph>209</ref:Paragraph>
    </reference:reference>
    <gen:arc xlink:type="arc" xlink:arcrole="http://xbrl.org/arcrole/2008/element-reference" xlink:from="rj_CollateralTypedMember_loc" xlink:to="rj_RJ_2021-01-01_600_209_ref"/>
    <link:loc xlink:type="locator" xlink:href="rj_cor.xsd#rj_CommercialActivitiesTypedMember" xlink:label="rj_CommercialActivitiesTypedMember_loc"/>
    <reference:reference xlink:type="resource" xlink:label="rj_RJ_2021-01-01_630_307_ref" xlink:role="http://www.xbrl.org/2008/role/reference" id="rj_RJ_2021-01-01_630_307_ref">
      <ref:Chapter>630</ref:Chapter>
      <ref:IssueDate>2021-01-01</ref:IssueDate>
      <ref:Name>Richtlijnen voor de jaarverslaggeving</ref:Name>
      <ref:Paragraph>307</ref:Paragraph>
    </reference:reference>
    <gen:arc xlink:type="arc" xlink:arcrole="http://xbrl.org/arcrole/2008/element-reference" xlink:from="rj_CommercialActivitiesTypedMember_loc" xlink:to="rj_RJ_2021-01-01_630_307_ref"/>
    <link:loc xlink:type="locator" xlink:href="rj_cor.xsd#rj_ContingentLiabilitiesCategoryTypedMember" xlink:label="rj_ContingentLiabilitiesCategoryTypedMember_loc"/>
    <reference:reference xlink:type="resource" xlink:label="rj_RJ_2021-01-01_252_509_ref" xlink:role="http://www.xbrl.org/2008/role/reference" id="rj_RJ_2021-01-01_252_509_ref">
      <ref:Chapter>252</ref:Chapter>
      <ref:IssueDate>2021-01-01</ref:IssueDate>
      <ref:Name>Richtlijnen voor de jaarverslaggeving</ref:Name>
      <ref:Paragraph>509</ref:Paragraph>
    </reference:reference>
    <gen:arc xlink:type="arc" xlink:arcrole="http://xbrl.org/arcrole/2008/element-reference" xlink:from="rj_ContingentLiabilitiesCategoryTypedMember_loc" xlink:to="rj_RJ_2021-01-01_252_509_ref"/>
    <reference:reference xlink:type="resource" xlink:label="rj_RJk_2021-01-01_B8_127_ref" xlink:role="http://www.xbrl.org/2008/role/reference" id="rj_RJk_2021-01-01_B8_127_ref">
      <ref:Chapter>B8</ref:Chapter>
      <ref:IssueDate>2021-01-01</ref:IssueDate>
      <ref:Name>Richtlijnen voor de jaarverslaggeving voor kleine rechtspersonen</ref:Name>
      <ref:Paragraph>127</ref:Paragraph>
    </reference:reference>
    <gen:arc xlink:type="arc" xlink:arcrole="http://xbrl.org/arcrole/2008/element-reference" xlink:from="rj_ContingentLiabilitiesCategoryTypedMember_loc" xlink:to="rj_RJk_2021-01-01_B8_127_ref"/>
    <link:loc xlink:type="locator" xlink:href="rj_cor.xsd#rj_CreditRatingTypedMember" xlink:label="rj_CreditRatingTypedMember_loc"/>
    <gen:arc xlink:type="arc" xlink:arcrole="http://xbrl.org/arcrole/2008/element-reference" xlink:from="rj_CreditRatingTypedMember_loc" xlink:to="rj_RJ_2021-01-01_610_404_ref"/>
    <link:loc xlink:type="locator" xlink:href="rj_cor.xsd#rj_CurrencyTypedMember" xlink:label="rj_CurrencyTypedMember_loc"/>
    <gen:arc xlink:type="arc" xlink:arcrole="http://xbrl.org/arcrole/2008/element-reference" xlink:from="rj_CurrencyTypedMember_loc" xlink:to="rj_RJ_2021-01-01_610_404_ref"/>
    <link:loc xlink:type="locator" xlink:href="rj_cor.xsd#rj_DebtSecuritiesOtherTypedMember" xlink:label="rj_DebtSecuritiesOtherTypedMember_loc"/>
    <gen:arc xlink:type="arc" xlink:arcrole="http://xbrl.org/arcrole/2008/element-reference" xlink:from="rj_DebtSecuritiesOtherTypedMember_loc" xlink:to="rj_RJ_2021-01-01_115_214_ref"/>
    <link:loc xlink:type="locator" xlink:href="rj_cor.xsd#rj_DesignatedFundTypedMember" xlink:label="rj_DesignatedFundTypedMember_loc"/>
    <reference:reference xlink:type="resource" xlink:label="rj_RJ_2021-01-01_630_303_ref" xlink:role="http://www.xbrl.org/2008/role/reference" id="rj_RJ_2021-01-01_630_303_ref">
      <ref:Chapter>630</ref:Chapter>
      <ref:IssueDate>2021-01-01</ref:IssueDate>
      <ref:Name>Richtlijnen voor de jaarverslaggeving</ref:Name>
      <ref:Paragraph>303</ref:Paragraph>
    </reference:reference>
    <gen:arc xlink:type="arc" xlink:arcrole="http://xbrl.org/arcrole/2008/element-reference" xlink:from="rj_DesignatedFundTypedMember_loc" xlink:to="rj_RJ_2021-01-01_630_303_ref"/>
    <reference:reference xlink:type="resource" xlink:label="rj_RJ_2021-01-01_640_404_ref" xlink:role="http://www.xbrl.org/2008/role/reference" id="rj_RJ_2021-01-01_640_404_ref">
      <ref:Chapter>640</ref:Chapter>
      <ref:IssueDate>2021-01-01</ref:IssueDate>
      <ref:Name>Richtlijnen voor de jaarverslaggeving</ref:Name>
      <ref:Paragraph>404</ref:Paragraph>
    </reference:reference>
    <gen:arc xlink:type="arc" xlink:arcrole="http://xbrl.org/arcrole/2008/element-reference" xlink:from="rj_DesignatedFundTypedMember_loc" xlink:to="rj_RJ_2021-01-01_640_404_ref"/>
    <reference:reference xlink:type="resource" xlink:label="rj_RJ_2021-01-01_660_303_ref" xlink:role="http://www.xbrl.org/2008/role/reference" id="rj_RJ_2021-01-01_660_303_ref">
      <ref:Chapter>660</ref:Chapter>
      <ref:IssueDate>2021-01-01</ref:IssueDate>
      <ref:Name>Richtlijnen voor de jaarverslaggeving</ref:Name>
      <ref:Paragraph>303</ref:Paragraph>
    </reference:reference>
    <gen:arc xlink:type="arc" xlink:arcrole="http://xbrl.org/arcrole/2008/element-reference" xlink:from="rj_DesignatedFundTypedMember_loc" xlink:to="rj_RJ_2021-01-01_660_303_ref"/>
    <reference:reference xlink:type="resource" xlink:label="rj_RJk_2021-01-01_C1_306_ref" xlink:role="http://www.xbrl.org/2008/role/reference" id="rj_RJk_2021-01-01_C1_306_ref">
      <ref:Chapter>C1</ref:Chapter>
      <ref:IssueDate>2021-01-01</ref:IssueDate>
      <ref:Name>Richtlijnen voor de jaarverslaggeving voor kleine rechtspersonen</ref:Name>
      <ref:Paragraph>306</ref:Paragraph>
    </reference:reference>
    <gen:arc xlink:type="arc" xlink:arcrole="http://xbrl.org/arcrole/2008/element-reference" xlink:from="rj_DesignatedFundTypedMember_loc" xlink:to="rj_RJk_2021-01-01_C1_306_ref"/>
    <link:loc xlink:type="locator" xlink:href="rj_cor.xsd#rj_DesignatedReserveTypedMember" xlink:label="rj_DesignatedReserveTypedMember_loc"/>
    <reference:reference xlink:type="resource" xlink:label="rj_RJ_2021-01-01_630_304_ref" xlink:role="http://www.xbrl.org/2008/role/reference" id="rj_RJ_2021-01-01_630_304_ref">
      <ref:Chapter>630</ref:Chapter>
      <ref:IssueDate>2021-01-01</ref:IssueDate>
      <ref:Name>Richtlijnen voor de jaarverslaggeving</ref:Name>
      <ref:Paragraph>304</ref:Paragraph>
    </reference:reference>
    <gen:arc xlink:type="arc" xlink:arcrole="http://xbrl.org/arcrole/2008/element-reference" xlink:from="rj_DesignatedReserveTypedMember_loc" xlink:to="rj_RJ_2021-01-01_630_304_ref"/>
    <reference:reference xlink:type="resource" xlink:label="rj_RJ_2021-01-01_640_405_ref" xlink:role="http://www.xbrl.org/2008/role/reference" id="rj_RJ_2021-01-01_640_405_ref">
      <ref:Chapter>640</ref:Chapter>
      <ref:IssueDate>2021-01-01</ref:IssueDate>
      <ref:Name>Richtlijnen voor de jaarverslaggeving</ref:Name>
      <ref:Paragraph>405</ref:Paragraph>
    </reference:reference>
    <gen:arc xlink:type="arc" xlink:arcrole="http://xbrl.org/arcrole/2008/element-reference" xlink:from="rj_DesignatedReserveTypedMember_loc" xlink:to="rj_RJ_2021-01-01_640_405_ref"/>
    <gen:arc xlink:type="arc" xlink:arcrole="http://xbrl.org/arcrole/2008/element-reference" xlink:from="rj_DesignatedReserveTypedMember_loc" xlink:to="rj_RJ_2021-01-01_660_303_ref"/>
    <reference:reference xlink:type="resource" xlink:label="rj_RJk_2021-01-01_C1_307_ref" xlink:role="http://www.xbrl.org/2008/role/reference" id="rj_RJk_2021-01-01_C1_307_ref">
      <ref:Chapter>C1</ref:Chapter>
      <ref:IssueDate>2021-01-01</ref:IssueDate>
      <ref:Name>Richtlijnen voor de jaarverslaggeving voor kleine rechtspersonen</ref:Name>
      <ref:Paragraph>307</ref:Paragraph>
    </reference:reference>
    <gen:arc xlink:type="arc" xlink:arcrole="http://xbrl.org/arcrole/2008/element-reference" xlink:from="rj_DesignatedReserveTypedMember_loc" xlink:to="rj_RJk_2021-01-01_C1_307_ref"/>
    <link:loc xlink:type="locator" xlink:href="rj_cor.xsd#rj_DiscontinuedOperationsTypedMember" xlink:label="rj_DiscontinuedOperationsTypedMember_loc"/>
    <reference:reference xlink:type="resource" xlink:label="rj_RJ_2021-01-01_345_304_ref" xlink:role="http://www.xbrl.org/2008/role/reference" id="rj_RJ_2021-01-01_345_304_ref">
      <ref:Chapter>345</ref:Chapter>
      <ref:IssueDate>2021-01-01</ref:IssueDate>
      <ref:Name>Richtlijnen voor de jaarverslaggeving</ref:Name>
      <ref:Paragraph>304</ref:Paragraph>
    </reference:reference>
    <gen:arc xlink:type="arc" xlink:arcrole="http://xbrl.org/arcrole/2008/element-reference" xlink:from="rj_DiscontinuedOperationsTypedMember_loc" xlink:to="rj_RJ_2021-01-01_345_304_ref"/>
    <reference:reference xlink:type="resource" xlink:label="rj_RJ_2021-01-01_345_309_ref" xlink:role="http://www.xbrl.org/2008/role/reference" id="rj_RJ_2021-01-01_345_309_ref">
      <ref:Chapter>345</ref:Chapter>
      <ref:IssueDate>2021-01-01</ref:IssueDate>
      <ref:Name>Richtlijnen voor de jaarverslaggeving</ref:Name>
      <ref:Paragraph>309</ref:Paragraph>
    </reference:reference>
    <gen:arc xlink:type="arc" xlink:arcrole="http://xbrl.org/arcrole/2008/element-reference" xlink:from="rj_DiscontinuedOperationsTypedMember_loc" xlink:to="rj_RJ_2021-01-01_345_309_ref"/>
    <reference:reference xlink:type="resource" xlink:label="rj_RJk_2021-01-01_B18_204_ref" xlink:role="http://www.xbrl.org/2008/role/reference" id="rj_RJk_2021-01-01_B18_204_ref">
      <ref:Chapter>B18</ref:Chapter>
      <ref:IssueDate>2021-01-01</ref:IssueDate>
      <ref:Name>Richtlijnen voor de jaarverslaggeving voor kleine rechtspersonen</ref:Name>
      <ref:Paragraph>204</ref:Paragraph>
    </reference:reference>
    <gen:arc xlink:type="arc" xlink:arcrole="http://xbrl.org/arcrole/2008/element-reference" xlink:from="rj_DiscontinuedOperationsTypedMember_loc" xlink:to="rj_RJk_2021-01-01_B18_204_ref"/>
    <link:loc xlink:type="locator" xlink:href="rj_cor.xsd#rj_DurationTypedMember" xlink:label="rj_DurationTypedMember_loc"/>
    <gen:arc xlink:type="arc" xlink:arcrole="http://xbrl.org/arcrole/2008/element-reference" xlink:from="rj_DurationTypedMember_loc" xlink:to="rj_RJ_2021-01-01_610_404_ref"/>
    <link:loc xlink:type="locator" xlink:href="rj_cor.xsd#rj_EmployeeBenefitsExpensesOtherTypedMember" xlink:label="rj_EmployeeBenefitsExpensesOtherTypedMember_loc"/>
    <gen:arc xlink:type="arc" xlink:arcrole="http://xbrl.org/arcrole/2008/element-reference" xlink:from="rj_EmployeeBenefitsExpensesOtherTypedMember_loc" xlink:to="rj_RJ_2021-01-01_115_214_ref"/>
    <link:loc xlink:type="locator" xlink:href="rj_cor.xsd#rj_EquityAndLiabilitiesOtherTypedMember" xlink:label="rj_EquityAndLiabilitiesOtherTypedMember_loc"/>
    <gen:arc xlink:type="arc" xlink:arcrole="http://xbrl.org/arcrole/2008/element-reference" xlink:from="rj_EquityAndLiabilitiesOtherTypedMember_loc" xlink:to="rj_RJ_2021-01-01_115_214_ref"/>
    <link:loc xlink:type="locator" xlink:href="rj_cor.xsd#rj_EquityLiabilitiesTransferTypedMember" xlink:label="rj_EquityLiabilitiesTransferTypedMember_loc"/>
    <reference:reference xlink:type="resource" xlink:label="rj_RJ_2021-01-01_620_204_ref" xlink:role="http://www.xbrl.org/2008/role/reference" id="rj_RJ_2021-01-01_620_204_ref">
      <ref:Chapter>620</ref:Chapter>
      <ref:IssueDate>2021-01-01</ref:IssueDate>
      <ref:Name>Richtlijnen voor de jaarverslaggeving</ref:Name>
      <ref:Paragraph>204</ref:Paragraph>
    </reference:reference>
    <gen:arc xlink:type="arc" xlink:arcrole="http://xbrl.org/arcrole/2008/element-reference" xlink:from="rj_EquityLiabilitiesTransferTypedMember_loc" xlink:to="rj_RJ_2021-01-01_620_204_ref"/>
    <link:loc xlink:type="locator" xlink:href="rj_cor.xsd#rj_ExceptionalItemDescriptionTypedMember" xlink:label="rj_ExceptionalItemDescriptionTypedMember_loc"/>
    <reference:reference xlink:type="resource" xlink:label="rj_RJk_2021-01-01_B13_112_ref" xlink:role="http://www.xbrl.org/2008/role/reference" id="rj_RJk_2021-01-01_B13_112_ref">
      <ref:Chapter>B13</ref:Chapter>
      <ref:IssueDate>2021-01-01</ref:IssueDate>
      <ref:Name>Richtlijnen voor de jaarverslaggeving voor kleine rechtspersonen</ref:Name>
      <ref:Paragraph>112</ref:Paragraph>
    </reference:reference>
    <gen:arc xlink:type="arc" xlink:arcrole="http://xbrl.org/arcrole/2008/element-reference" xlink:from="rj_ExceptionalItemDescriptionTypedMember_loc" xlink:to="rj_RJk_2021-01-01_B13_112_ref"/>
    <link:loc xlink:type="locator" xlink:href="rj_cor.xsd#rj_ExpensesOtherTypedMember" xlink:label="rj_ExpensesOtherTypedMember_loc"/>
    <reference:reference xlink:type="resource" xlink:label="rj_RJ_2021-01-01_615_422_ref" xlink:role="http://www.xbrl.org/2008/role/reference" id="rj_RJ_2021-01-01_615_422_ref">
      <ref:Chapter>615</ref:Chapter>
      <ref:IssueDate>2021-01-01</ref:IssueDate>
      <ref:Name>Richtlijnen voor de jaarverslaggeving</ref:Name>
      <ref:Paragraph>422</ref:Paragraph>
    </reference:reference>
    <gen:arc xlink:type="arc" xlink:arcrole="http://xbrl.org/arcrole/2008/element-reference" xlink:from="rj_ExpensesOtherTypedMember_loc" xlink:to="rj_RJ_2021-01-01_615_422_ref"/>
    <link:loc xlink:type="locator" xlink:href="rj_cor.xsd#rj_FinancialAssetsOtherTypedMember" xlink:label="rj_FinancialAssetsOtherTypedMember_loc"/>
    <gen:arc xlink:type="arc" xlink:arcrole="http://xbrl.org/arcrole/2008/element-reference" xlink:from="rj_FinancialAssetsOtherTypedMember_loc" xlink:to="rj_RJ_2021-01-01_115_214_ref"/>
    <link:loc xlink:type="locator" xlink:href="rj_cor.xsd#rj_FinancialInstrumentsPolicyTypedMember" xlink:label="rj_FinancialInstrumentsPolicyTypedMember_loc"/>
    <reference:reference xlink:type="resource" xlink:label="rj_RJ_2021-01-01_290_906_ref" xlink:role="http://www.xbrl.org/2008/role/reference" id="rj_RJ_2021-01-01_290_906_ref">
      <ref:Chapter>290</ref:Chapter>
      <ref:IssueDate>2021-01-01</ref:IssueDate>
      <ref:Name>Richtlijnen voor de jaarverslaggeving</ref:Name>
      <ref:Paragraph>906</ref:Paragraph>
    </reference:reference>
    <gen:arc xlink:type="arc" xlink:arcrole="http://xbrl.org/arcrole/2008/element-reference" xlink:from="rj_FinancialInstrumentsPolicyTypedMember_loc" xlink:to="rj_RJ_2021-01-01_290_906_ref"/>
    <reference:reference xlink:type="resource" xlink:label="rj_RJ_2021-01-01_290_912_C_ref" xlink:role="http://www.xbrl.org/2008/role/reference" id="rj_RJ_2021-01-01_290_912_C_ref">
      <ref:Chapter>290</ref:Chapter>
      <ref:IssueDate>2021-01-01</ref:IssueDate>
      <ref:Name>Richtlijnen voor de jaarverslaggeving</ref:Name>
      <ref:Paragraph>912</ref:Paragraph>
      <ref:Subparagraph>c</ref:Subparagraph>
    </reference:reference>
    <gen:arc xlink:type="arc" xlink:arcrole="http://xbrl.org/arcrole/2008/element-reference" xlink:from="rj_FinancialInstrumentsPolicyTypedMember_loc" xlink:to="rj_RJ_2021-01-01_290_912_C_ref"/>
    <link:loc xlink:type="locator" xlink:href="rj_cor.xsd#rj_GeographicalAreaTypedMember" xlink:label="rj_GeographicalAreaTypedMember_loc"/>
    <gen:arc xlink:type="arc" xlink:arcrole="http://xbrl.org/arcrole/2008/element-reference" xlink:from="rj_GeographicalAreaTypedMember_loc" xlink:to="rj_RJ_2021-01-01_600_209_ref"/>
    <link:loc xlink:type="locator" xlink:href="rj_cor.xsd#rj_IncomeTaxExpenseOtherTypedMember" xlink:label="rj_IncomeTaxExpenseOtherTypedMember_loc"/>
    <gen:arc xlink:type="arc" xlink:arcrole="http://xbrl.org/arcrole/2008/element-reference" xlink:from="rj_IncomeTaxExpenseOtherTypedMember_loc" xlink:to="rj_RJ_2021-01-01_115_214_ref"/>
    <link:loc xlink:type="locator" xlink:href="rj_cor.xsd#rj_IncomeTypedMember" xlink:label="rj_IncomeTypedMember_loc"/>
    <reference:reference xlink:type="resource" xlink:label="rj_RJ_2021-01-01_640_408_ref" xlink:role="http://www.xbrl.org/2008/role/reference" id="rj_RJ_2021-01-01_640_408_ref">
      <ref:Chapter>640</ref:Chapter>
      <ref:IssueDate>2021-01-01</ref:IssueDate>
      <ref:Name>Richtlijnen voor de jaarverslaggeving</ref:Name>
      <ref:Paragraph>408</ref:Paragraph>
    </reference:reference>
    <gen:arc xlink:type="arc" xlink:arcrole="http://xbrl.org/arcrole/2008/element-reference" xlink:from="rj_IncomeTypedMember_loc" xlink:to="rj_RJ_2021-01-01_640_408_ref"/>
    <link:loc xlink:type="locator" xlink:href="rj_cor.xsd#rj_IndividualAssetTypedMember" xlink:label="rj_IndividualAssetTypedMember_loc"/>
    <gen:arc xlink:type="arc" xlink:arcrole="http://xbrl.org/arcrole/2008/element-reference" xlink:from="rj_IndividualAssetTypedMember_loc" xlink:to="rj_RJ_2021-01-01_121_805_ref"/>
    <link:loc xlink:type="locator" xlink:href="rj_cor.xsd#rj_IndustryTypedMember" xlink:label="rj_IndustryTypedMember_loc"/>
    <gen:arc xlink:type="arc" xlink:arcrole="http://xbrl.org/arcrole/2008/element-reference" xlink:from="rj_IndustryTypedMember_loc" xlink:to="rj_RJ_2021-01-01_600_209_ref"/>
    <gen:arc xlink:type="arc" xlink:arcrole="http://xbrl.org/arcrole/2008/element-reference" xlink:from="rj_IndustryTypedMember_loc" xlink:to="rj_RJ_2021-01-01_610_404_ref"/>
    <link:loc xlink:type="locator" xlink:href="rj_cor.xsd#rj_IntangibleAssetsIndividualAssetOfImportanceTypedMember" xlink:label="rj_IntangibleAssetsIndividualAssetOfImportanceTypedMember_loc"/>
    <reference:reference xlink:type="resource" xlink:label="rj_RJ_2021-01-01_210_505_B_ref" xlink:role="http://www.xbrl.org/2008/role/reference" id="rj_RJ_2021-01-01_210_505_B_ref">
      <ref:Chapter>210</ref:Chapter>
      <ref:IssueDate>2021-01-01</ref:IssueDate>
      <ref:Name>Richtlijnen voor de jaarverslaggeving</ref:Name>
      <ref:Paragraph>505</ref:Paragraph>
      <ref:Subparagraph>b</ref:Subparagraph>
    </reference:reference>
    <gen:arc xlink:type="arc" xlink:arcrole="http://xbrl.org/arcrole/2008/element-reference" xlink:from="rj_IntangibleAssetsIndividualAssetOfImportanceTypedMember_loc" xlink:to="rj_RJ_2021-01-01_210_505_B_ref"/>
    <reference:reference xlink:type="resource" xlink:label="rj_RJk_2021-01-01_B1_119_ref" xlink:role="http://www.xbrl.org/2008/role/reference" id="rj_RJk_2021-01-01_B1_119_ref">
      <ref:Chapter>B1</ref:Chapter>
      <ref:IssueDate>2021-01-01</ref:IssueDate>
      <ref:Name>Richtlijnen voor de jaarverslaggeving voor kleine rechtspersonen</ref:Name>
      <ref:Paragraph>119</ref:Paragraph>
    </reference:reference>
    <gen:arc xlink:type="arc" xlink:arcrole="http://xbrl.org/arcrole/2008/element-reference" xlink:from="rj_IntangibleAssetsIndividualAssetOfImportanceTypedMember_loc" xlink:to="rj_RJk_2021-01-01_B1_119_ref"/>
    <link:loc xlink:type="locator" xlink:href="rj_cor.xsd#rj_IntangibleAssetsOtherTypedMember" xlink:label="rj_IntangibleAssetsOtherTypedMember_loc"/>
    <gen:arc xlink:type="arc" xlink:arcrole="http://xbrl.org/arcrole/2008/element-reference" xlink:from="rj_IntangibleAssetsOtherTypedMember_loc" xlink:to="rj_RJ_2021-01-01_115_214_ref"/>
    <link:loc xlink:type="locator" xlink:href="rj_cor.xsd#rj_InventoriesOtherTypedMember" xlink:label="rj_InventoriesOtherTypedMember_loc"/>
    <gen:arc xlink:type="arc" xlink:arcrole="http://xbrl.org/arcrole/2008/element-reference" xlink:from="rj_InventoriesOtherTypedMember_loc" xlink:to="rj_RJ_2021-01-01_115_214_ref"/>
    <link:loc xlink:type="locator" xlink:href="rj_cor.xsd#rj_InvestmentTypedMember" xlink:label="rj_InvestmentTypedMember_loc"/>
    <gen:arc xlink:type="arc" xlink:arcrole="http://xbrl.org/arcrole/2008/element-reference" xlink:from="rj_InvestmentTypedMember_loc" xlink:to="rj_RJ_2021-01-01_610_404_ref"/>
    <reference:reference xlink:type="resource" xlink:label="rj_RJ_2021-01-01_615_405a_ref" xlink:role="http://www.xbrl.org/2008/role/reference" id="rj_RJ_2021-01-01_615_405a_ref">
      <ref:Chapter>615</ref:Chapter>
      <ref:IssueDate>2021-01-01</ref:IssueDate>
      <ref:Name>Richtlijnen voor de jaarverslaggeving</ref:Name>
      <ref:Paragraph>405a</ref:Paragraph>
    </reference:reference>
    <gen:arc xlink:type="arc" xlink:arcrole="http://xbrl.org/arcrole/2008/element-reference" xlink:from="rj_InvestmentTypedMember_loc" xlink:to="rj_RJ_2021-01-01_615_405a_ref"/>
    <link:loc xlink:type="locator" xlink:href="rj_cor.xsd#rj_InvestmentsInLandAndBuildingsOtherTypedMember" xlink:label="rj_InvestmentsInLandAndBuildingsOtherTypedMember_loc"/>
    <gen:arc xlink:type="arc" xlink:arcrole="http://xbrl.org/arcrole/2008/element-reference" xlink:from="rj_InvestmentsInLandAndBuildingsOtherTypedMember_loc" xlink:to="rj_RJ_2021-01-01_115_214_ref"/>
    <link:loc xlink:type="locator" xlink:href="rj_cor.xsd#rj_InvestmentsInParticipatingInterestsOtherTypedMember" xlink:label="rj_InvestmentsInParticipatingInterestsOtherTypedMember_loc"/>
    <gen:arc xlink:type="arc" xlink:arcrole="http://xbrl.org/arcrole/2008/element-reference" xlink:from="rj_InvestmentsInParticipatingInterestsOtherTypedMember_loc" xlink:to="rj_RJ_2021-01-01_115_214_ref"/>
    <link:loc xlink:type="locator" xlink:href="rj_cor.xsd#rj_InvestmentsInParticipatingInterestsTypedMember" xlink:label="rj_InvestmentsInParticipatingInterestsTypedMember_loc"/>
    <reference:reference xlink:type="resource" xlink:label="rj_RJ_2021-01-01_615_401_ref" xlink:role="http://www.xbrl.org/2008/role/reference" id="rj_RJ_2021-01-01_615_401_ref">
      <ref:Chapter>615</ref:Chapter>
      <ref:IssueDate>2021-01-01</ref:IssueDate>
      <ref:Name>Richtlijnen voor de jaarverslaggeving</ref:Name>
      <ref:Paragraph>401</ref:Paragraph>
    </reference:reference>
    <gen:arc xlink:type="arc" xlink:arcrole="http://xbrl.org/arcrole/2008/element-reference" xlink:from="rj_InvestmentsInParticipatingInterestsTypedMember_loc" xlink:to="rj_RJ_2021-01-01_615_401_ref"/>
    <link:loc xlink:type="locator" xlink:href="rj_cor.xsd#rj_InvestmentsOtherOnBehalfOfParticipantsTypedMember" xlink:label="rj_InvestmentsOtherOnBehalfOfParticipantsTypedMember_loc"/>
    <gen:arc xlink:type="arc" xlink:arcrole="http://xbrl.org/arcrole/2008/element-reference" xlink:from="rj_InvestmentsOtherOnBehalfOfParticipantsTypedMember_loc" xlink:to="rj_RJ_2021-01-01_115_214_ref"/>
    <link:loc xlink:type="locator" xlink:href="rj_cor.xsd#rj_InvestmentsOtherOnBehalfOfPensionFundTypedMember" xlink:label="rj_InvestmentsOtherOnBehalfOfPensionFundTypedMember_loc"/>
    <gen:arc xlink:type="arc" xlink:arcrole="http://xbrl.org/arcrole/2008/element-reference" xlink:from="rj_InvestmentsOtherOnBehalfOfPensionFundTypedMember_loc" xlink:to="rj_RJ_2021-01-01_115_214_ref"/>
    <link:loc xlink:type="locator" xlink:href="rj_cor.xsd#rj_InvestmentsOtherTypedMember" xlink:label="rj_InvestmentsOtherTypedMember_loc"/>
    <gen:arc xlink:type="arc" xlink:arcrole="http://xbrl.org/arcrole/2008/element-reference" xlink:from="rj_InvestmentsOtherTypedMember_loc" xlink:to="rj_RJ_2021-01-01_610_213_ref"/>
    <link:loc xlink:type="locator" xlink:href="rj_cor.xsd#rj_LicensingAgreementsTypedMember" xlink:label="rj_LicensingAgreementsTypedMember_loc"/>
    <reference:reference xlink:type="resource" xlink:label="rj_RJ_2021-01-01_390_103_ref" xlink:role="http://www.xbrl.org/2008/role/reference" id="rj_RJ_2021-01-01_390_103_ref">
      <ref:Chapter>390</ref:Chapter>
      <ref:IssueDate>2021-01-01</ref:IssueDate>
      <ref:Name>Richtlijnen voor de jaarverslaggeving</ref:Name>
      <ref:Paragraph>103</ref:Paragraph>
    </reference:reference>
    <gen:arc xlink:type="arc" xlink:arcrole="http://xbrl.org/arcrole/2008/element-reference" xlink:from="rj_LicensingAgreementsTypedMember_loc" xlink:to="rj_RJ_2021-01-01_390_103_ref"/>
    <reference:reference xlink:type="resource" xlink:label="rj_RJk_2021-01-01_B18_303_ref" xlink:role="http://www.xbrl.org/2008/role/reference" id="rj_RJk_2021-01-01_B18_303_ref">
      <ref:Chapter>B18</ref:Chapter>
      <ref:IssueDate>2021-01-01</ref:IssueDate>
      <ref:Name>Richtlijnen voor de jaarverslaggeving voor kleine rechtspersonen</ref:Name>
      <ref:Paragraph>303</ref:Paragraph>
    </reference:reference>
    <gen:arc xlink:type="arc" xlink:arcrole="http://xbrl.org/arcrole/2008/element-reference" xlink:from="rj_LicensingAgreementsTypedMember_loc" xlink:to="rj_RJk_2021-01-01_B18_303_ref"/>
    <link:loc xlink:type="locator" xlink:href="rj_cor.xsd#rj_MaterialImpairmentLossIndividualAssetTypedMember" xlink:label="rj_MaterialImpairmentLossIndividualAssetTypedMember_loc"/>
    <reference:reference xlink:type="resource" xlink:label="rj_RJk_2021-01-01_A2_325_ref" xlink:role="http://www.xbrl.org/2008/role/reference" id="rj_RJk_2021-01-01_A2_325_ref">
      <ref:Chapter>A2</ref:Chapter>
      <ref:IssueDate>2021-01-01</ref:IssueDate>
      <ref:Name>Richtlijnen voor de jaarverslaggeving voor kleine rechtspersonen</ref:Name>
      <ref:Paragraph>325</ref:Paragraph>
    </reference:reference>
    <gen:arc xlink:type="arc" xlink:arcrole="http://xbrl.org/arcrole/2008/element-reference" xlink:from="rj_MaterialImpairmentLossIndividualAssetTypedMember_loc" xlink:to="rj_RJk_2021-01-01_A2_325_ref"/>
    <link:loc xlink:type="locator" xlink:href="rj_cor.xsd#rj_MergersAcquisitionsTypedMember" xlink:label="rj_MergersAcquisitionsTypedMember_loc"/>
    <reference:reference xlink:type="resource" xlink:label="rj_RJ_2021-01-01_216_401_ref" xlink:role="http://www.xbrl.org/2008/role/reference" id="rj_RJ_2021-01-01_216_401_ref">
      <ref:Chapter>216</ref:Chapter>
      <ref:IssueDate>2021-01-01</ref:IssueDate>
      <ref:Name>Richtlijnen voor de jaarverslaggeving</ref:Name>
      <ref:Paragraph>401</ref:Paragraph>
    </reference:reference>
    <gen:arc xlink:type="arc" xlink:arcrole="http://xbrl.org/arcrole/2008/element-reference" xlink:from="rj_MergersAcquisitionsTypedMember_loc" xlink:to="rj_RJ_2021-01-01_216_401_ref"/>
    <reference:reference xlink:type="resource" xlink:label="rj_RJk_2021-01-01_B3_203_ref" xlink:role="http://www.xbrl.org/2008/role/reference" id="rj_RJk_2021-01-01_B3_203_ref">
      <ref:Chapter>B3</ref:Chapter>
      <ref:IssueDate>2021-01-01</ref:IssueDate>
      <ref:Name>Richtlijnen voor de jaarverslaggeving voor kleine rechtspersonen</ref:Name>
      <ref:Paragraph>203</ref:Paragraph>
    </reference:reference>
    <gen:arc xlink:type="arc" xlink:arcrole="http://xbrl.org/arcrole/2008/element-reference" xlink:from="rj_MergersAcquisitionsTypedMember_loc" xlink:to="rj_RJk_2021-01-01_B3_203_ref"/>
    <link:loc xlink:type="locator" xlink:href="rj_cor.xsd#rj_NoncommercialActivitiesTypedMember" xlink:label="rj_NoncommercialActivitiesTypedMember_loc"/>
    <reference:reference xlink:type="resource" xlink:label="rj_RJ_2021-01-01_630_201_ref" xlink:role="http://www.xbrl.org/2008/role/reference" id="rj_RJ_2021-01-01_630_201_ref">
      <ref:Chapter>630</ref:Chapter>
      <ref:IssueDate>2021-01-01</ref:IssueDate>
      <ref:Name>Richtlijnen voor de jaarverslaggeving</ref:Name>
      <ref:Paragraph>201</ref:Paragraph>
    </reference:reference>
    <gen:arc xlink:type="arc" xlink:arcrole="http://xbrl.org/arcrole/2008/element-reference" xlink:from="rj_NoncommercialActivitiesTypedMember_loc" xlink:to="rj_RJ_2021-01-01_630_201_ref"/>
    <gen:arc xlink:type="arc" xlink:arcrole="http://xbrl.org/arcrole/2008/element-reference" xlink:from="rj_NoncommercialActivitiesTypedMember_loc" xlink:to="rj_RJ_2021-01-01_630_307_ref"/>
    <link:loc xlink:type="locator" xlink:href="rj_cor.xsd#rj_NumberOfOtherParticipantsTypedMember" xlink:label="rj_NumberOfOtherParticipantsTypedMember_loc"/>
    <gen:arc xlink:type="arc" xlink:arcrole="http://xbrl.org/arcrole/2008/element-reference" xlink:from="rj_NumberOfOtherParticipantsTypedMember_loc" xlink:to="rj_RJ_2021-01-01_115_214_ref"/>
    <link:loc xlink:type="locator" xlink:href="rj_cor.xsd#rj_ObjectiveTypedMember" xlink:label="rj_ObjectiveTypedMember_loc"/>
    <reference:reference xlink:type="resource" xlink:label="rj_RJ_2021-01-01_650_301_ref" xlink:role="http://www.xbrl.org/2008/role/reference" id="rj_RJ_2021-01-01_650_301_ref">
      <ref:Chapter>650</ref:Chapter>
      <ref:IssueDate>2021-01-01</ref:IssueDate>
      <ref:Name>Richtlijnen voor de jaarverslaggeving</ref:Name>
      <ref:Paragraph>301</ref:Paragraph>
    </reference:reference>
    <gen:arc xlink:type="arc" xlink:arcrole="http://xbrl.org/arcrole/2008/element-reference" xlink:from="rj_ObjectiveTypedMember_loc" xlink:to="rj_RJ_2021-01-01_650_301_ref"/>
    <link:loc xlink:type="locator" xlink:href="rj_cor.xsd#rj_OperatingExpensesOtherTypedMember" xlink:label="rj_OperatingExpensesOtherTypedMember_loc"/>
    <gen:arc xlink:type="arc" xlink:arcrole="http://xbrl.org/arcrole/2008/element-reference" xlink:from="rj_OperatingExpensesOtherTypedMember_loc" xlink:to="rj_RJ_2021-01-01_115_214_ref"/>
    <link:loc xlink:type="locator" xlink:href="rj_cor.xsd#rj_OperatingIncomeOtherTypedMember" xlink:label="rj_OperatingIncomeOtherTypedMember_loc"/>
    <gen:arc xlink:type="arc" xlink:arcrole="http://xbrl.org/arcrole/2008/element-reference" xlink:from="rj_OperatingIncomeOtherTypedMember_loc" xlink:to="rj_RJ_2021-01-01_115_214_ref"/>
    <link:loc xlink:type="locator" xlink:href="rj_cor.xsd#rj_OtherAssetsOtherTypedMember" xlink:label="rj_OtherAssetsOtherTypedMember_loc"/>
    <gen:arc xlink:type="arc" xlink:arcrole="http://xbrl.org/arcrole/2008/element-reference" xlink:from="rj_OtherAssetsOtherTypedMember_loc" xlink:to="rj_RJ_2021-01-01_115_214_ref"/>
    <link:loc xlink:type="locator" xlink:href="rj_cor.xsd#rj_OtherFinancialInvestmentsOtherTypedMember" xlink:label="rj_OtherFinancialInvestmentsOtherTypedMember_loc"/>
    <gen:arc xlink:type="arc" xlink:arcrole="http://xbrl.org/arcrole/2008/element-reference" xlink:from="rj_OtherFinancialInvestmentsOtherTypedMember_loc" xlink:to="rj_RJ_2021-01-01_115_214_ref"/>
    <link:loc xlink:type="locator" xlink:href="rj_cor.xsd#rj_PayableTypedMember" xlink:label="rj_PayableTypedMember_loc"/>
    <reference:reference xlink:type="resource" xlink:label="rj_RJ_2021-01-01_615_409_ref" xlink:role="http://www.xbrl.org/2008/role/reference" id="rj_RJ_2021-01-01_615_409_ref">
      <ref:Chapter>615</ref:Chapter>
      <ref:IssueDate>2021-01-01</ref:IssueDate>
      <ref:Name>Richtlijnen voor de jaarverslaggeving</ref:Name>
      <ref:Paragraph>409</ref:Paragraph>
    </reference:reference>
    <gen:arc xlink:type="arc" xlink:arcrole="http://xbrl.org/arcrole/2008/element-reference" xlink:from="rj_PayableTypedMember_loc" xlink:to="rj_RJ_2021-01-01_615_409_ref"/>
    <link:loc xlink:type="locator" xlink:href="rj_cor.xsd#rj_PayablesCreditInstitutionsOtherTypedMember" xlink:label="rj_PayablesCreditInstitutionsOtherTypedMember_loc"/>
    <gen:arc xlink:type="arc" xlink:arcrole="http://xbrl.org/arcrole/2008/element-reference" xlink:from="rj_PayablesCreditInstitutionsOtherTypedMember_loc" xlink:to="rj_RJ_2021-01-01_115_214_ref"/>
    <link:loc xlink:type="locator" xlink:href="rj_cor.xsd#rj_PayablesCustomersDepositsOtherTypedMember" xlink:label="rj_PayablesCustomersDepositsOtherTypedMember_loc"/>
    <gen:arc xlink:type="arc" xlink:arcrole="http://xbrl.org/arcrole/2008/element-reference" xlink:from="rj_PayablesCustomersDepositsOtherTypedMember_loc" xlink:to="rj_RJ_2021-01-01_115_214_ref"/>
    <link:loc xlink:type="locator" xlink:href="rj_cor.xsd#rj_PayablesCustomersOtherOtherTypedMember" xlink:label="rj_PayablesCustomersOtherOtherTypedMember_loc"/>
    <gen:arc xlink:type="arc" xlink:arcrole="http://xbrl.org/arcrole/2008/element-reference" xlink:from="rj_PayablesCustomersOtherOtherTypedMember_loc" xlink:to="rj_RJ_2021-01-01_115_214_ref"/>
    <link:loc xlink:type="locator" xlink:href="rj_cor.xsd#rj_PayablesOtherCurrentTypedMember" xlink:label="rj_PayablesOtherCurrentTypedMember_loc"/>
    <gen:arc xlink:type="arc" xlink:arcrole="http://xbrl.org/arcrole/2008/element-reference" xlink:from="rj_PayablesOtherCurrentTypedMember_loc" xlink:to="rj_RJ_2021-01-01_115_214_ref"/>
    <link:loc xlink:type="locator" xlink:href="rj_cor.xsd#rj_PayablesOtherNoncurrentTypedMember" xlink:label="rj_PayablesOtherNoncurrentTypedMember_loc"/>
    <gen:arc xlink:type="arc" xlink:arcrole="http://xbrl.org/arcrole/2008/element-reference" xlink:from="rj_PayablesOtherNoncurrentTypedMember_loc" xlink:to="rj_RJ_2021-01-01_115_214_ref"/>
    <link:loc xlink:type="locator" xlink:href="rj_cor.xsd#rj_PayablesOtherTypedMember" xlink:label="rj_PayablesOtherTypedMember_loc"/>
    <gen:arc xlink:type="arc" xlink:arcrole="http://xbrl.org/arcrole/2008/element-reference" xlink:from="rj_PayablesOtherTypedMember_loc" xlink:to="rj_RJ_2021-01-01_115_214_ref"/>
    <link:loc xlink:type="locator" xlink:href="rj_cor.xsd#rj_PayablesTransactionsFinancialDerivativesTypedMember" xlink:label="rj_PayablesTransactionsFinancialDerivativesTypedMember_loc"/>
    <reference:reference xlink:type="resource" xlink:label="rj_RJ_2021-01-01_615_601_D_ref" xlink:role="http://www.xbrl.org/2008/role/reference" id="rj_RJ_2021-01-01_615_601_D_ref">
      <ref:Chapter>615</ref:Chapter>
      <ref:IssueDate>2021-01-01</ref:IssueDate>
      <ref:Name>Richtlijnen voor de jaarverslaggeving</ref:Name>
      <ref:Paragraph>601</ref:Paragraph>
      <ref:Subparagraph>d</ref:Subparagraph>
    </reference:reference>
    <gen:arc xlink:type="arc" xlink:arcrole="http://xbrl.org/arcrole/2008/element-reference" xlink:from="rj_PayablesTransactionsFinancialDerivativesTypedMember_loc" xlink:to="rj_RJ_2021-01-01_615_601_D_ref"/>
    <link:loc xlink:type="locator" xlink:href="rj_cor.xsd#rj_PriorPeriodErrorsTypedMember" xlink:label="rj_PriorPeriodErrorsTypedMember_loc"/>
    <reference:reference xlink:type="resource" xlink:label="rj_RJ_2021-01-01_150_201_ref" xlink:role="http://www.xbrl.org/2008/role/reference" id="rj_RJ_2021-01-01_150_201_ref">
      <ref:Chapter>150</ref:Chapter>
      <ref:IssueDate>2021-01-01</ref:IssueDate>
      <ref:Name>Richtlijnen voor de jaarverslaggeving</ref:Name>
      <ref:Paragraph>201</ref:Paragraph>
    </reference:reference>
    <gen:arc xlink:type="arc" xlink:arcrole="http://xbrl.org/arcrole/2008/element-reference" xlink:from="rj_PriorPeriodErrorsTypedMember_loc" xlink:to="rj_RJ_2021-01-01_150_201_ref"/>
    <reference:reference xlink:type="resource" xlink:label="rj_RJk_2021-01-01_A3_307_ref" xlink:role="http://www.xbrl.org/2008/role/reference" id="rj_RJk_2021-01-01_A3_307_ref">
      <ref:Chapter>A3</ref:Chapter>
      <ref:IssueDate>2021-01-01</ref:IssueDate>
      <ref:Name>Richtlijnen voor de jaarverslaggeving voor kleine rechtspersonen</ref:Name>
      <ref:Paragraph>307</ref:Paragraph>
    </reference:reference>
    <gen:arc xlink:type="arc" xlink:arcrole="http://xbrl.org/arcrole/2008/element-reference" xlink:from="rj_PriorPeriodErrorsTypedMember_loc" xlink:to="rj_RJk_2021-01-01_A3_307_ref"/>
    <link:loc xlink:type="locator" xlink:href="rj_cor.xsd#rj_ProductGroupTypedMember" xlink:label="rj_ProductGroupTypedMember_loc"/>
    <reference:reference xlink:type="resource" xlink:label="rj_RJ_2021-01-01_605_403a_E_ref" xlink:role="http://www.xbrl.org/2008/role/reference" id="rj_RJ_2021-01-01_605_403a_E_ref">
      <ref:Chapter>605</ref:Chapter>
      <ref:IssueDate>2021-01-01</ref:IssueDate>
      <ref:Name>Richtlijnen voor de jaarverslaggeving</ref:Name>
      <ref:Paragraph>403a</ref:Paragraph>
      <ref:Subparagraph>e</ref:Subparagraph>
    </reference:reference>
    <gen:arc xlink:type="arc" xlink:arcrole="http://xbrl.org/arcrole/2008/element-reference" xlink:from="rj_ProductGroupTypedMember_loc" xlink:to="rj_RJ_2021-01-01_605_403a_E_ref"/>
    <link:loc xlink:type="locator" xlink:href="rj_cor.xsd#rj_PropertyPlantEquipmentOtherTypedMember" xlink:label="rj_PropertyPlantEquipmentOtherTypedMember_loc"/>
    <gen:arc xlink:type="arc" xlink:arcrole="http://xbrl.org/arcrole/2008/element-reference" xlink:from="rj_PropertyPlantEquipmentOtherTypedMember_loc" xlink:to="rj_RJ_2021-01-01_115_214_ref"/>
    <link:loc xlink:type="locator" xlink:href="rj_cor.xsd#rj_ProvisionsOtherTypedMember" xlink:label="rj_ProvisionsOtherTypedMember_loc"/>
    <gen:arc xlink:type="arc" xlink:arcrole="http://xbrl.org/arcrole/2008/element-reference" xlink:from="rj_ProvisionsOtherTypedMember_loc" xlink:to="rj_RJ_2021-01-01_115_214_ref"/>
    <link:loc xlink:type="locator" xlink:href="rj_cor.xsd#rj_ReceivablesFromBanksOtherTypedMember" xlink:label="rj_ReceivablesFromBanksOtherTypedMember_loc"/>
    <gen:arc xlink:type="arc" xlink:arcrole="http://xbrl.org/arcrole/2008/element-reference" xlink:from="rj_ReceivablesFromBanksOtherTypedMember_loc" xlink:to="rj_RJ_2021-01-01_115_214_ref"/>
    <link:loc xlink:type="locator" xlink:href="rj_cor.xsd#rj_ReceivablesFromInsurancePoliciesOtherNotImmediatelyDueFromCurrentAccountsTypedMember" xlink:label="rj_ReceivablesFromInsurancePoliciesOtherNotImmediatelyDueFromCurrentAccountsTypedMember_loc"/>
    <gen:arc xlink:type="arc" xlink:arcrole="http://xbrl.org/arcrole/2008/element-reference" xlink:from="rj_ReceivablesFromInsurancePoliciesOtherNotImmediatelyDueFromCurrentAccountsTypedMember_loc" xlink:to="rj_RJ_2021-01-01_115_214_ref"/>
    <link:loc xlink:type="locator" xlink:href="rj_cor.xsd#rj_ReceivablesOtherCurrentTypedMember" xlink:label="rj_ReceivablesOtherCurrentTypedMember_loc"/>
    <gen:arc xlink:type="arc" xlink:arcrole="http://xbrl.org/arcrole/2008/element-reference" xlink:from="rj_ReceivablesOtherCurrentTypedMember_loc" xlink:to="rj_RJ_2021-01-01_115_214_ref"/>
    <link:loc xlink:type="locator" xlink:href="rj_cor.xsd#rj_ReceivablesOtherReinsurancePartTechnicalProvisionsTypedMember" xlink:label="rj_ReceivablesOtherReinsurancePartTechnicalProvisionsTypedMember_loc"/>
    <gen:arc xlink:type="arc" xlink:arcrole="http://xbrl.org/arcrole/2008/element-reference" xlink:from="rj_ReceivablesOtherReinsurancePartTechnicalProvisionsTypedMember_loc" xlink:to="rj_RJ_2021-01-01_115_214_ref"/>
    <link:loc xlink:type="locator" xlink:href="rj_cor.xsd#rj_RegionTypedMember" xlink:label="rj_RegionTypedMember_loc"/>
    <gen:arc xlink:type="arc" xlink:arcrole="http://xbrl.org/arcrole/2008/element-reference" xlink:from="rj_RegionTypedMember_loc" xlink:to="rj_RJ_2021-01-01_610_404_ref"/>
    <link:loc xlink:type="locator" xlink:href="rj_cor.xsd#rj_ReinsuranceOtherContractsTypedMember" xlink:label="rj_ReinsuranceOtherContractsTypedMember_loc"/>
    <gen:arc xlink:type="arc" xlink:arcrole="http://xbrl.org/arcrole/2008/element-reference" xlink:from="rj_ReinsuranceOtherContractsTypedMember_loc" xlink:to="rj_RJ_2021-01-01_115_214_ref"/>
    <link:loc xlink:type="locator" xlink:href="rj_cor.xsd#rj_ReinsurancePartTechnicalProvisionTypedMember" xlink:label="rj_ReinsurancePartTechnicalProvisionTypedMember_loc"/>
    <reference:reference xlink:type="resource" xlink:label="rj_RJ_2021-01-01_610_303_ref" xlink:role="http://www.xbrl.org/2008/role/reference" id="rj_RJ_2021-01-01_610_303_ref">
      <ref:Chapter>610</ref:Chapter>
      <ref:IssueDate>2021-01-01</ref:IssueDate>
      <ref:Name>Richtlijnen voor de jaarverslaggeving</ref:Name>
      <ref:Paragraph>303</ref:Paragraph>
    </reference:reference>
    <gen:arc xlink:type="arc" xlink:arcrole="http://xbrl.org/arcrole/2008/element-reference" xlink:from="rj_ReinsurancePartTechnicalProvisionTypedMember_loc" xlink:to="rj_RJ_2021-01-01_610_303_ref"/>
    <link:loc xlink:type="locator" xlink:href="rj_cor.xsd#rj_RelatedPartyTypedMember" xlink:label="rj_RelatedPartyTypedMember_loc"/>
    <reference:reference xlink:type="resource" xlink:label="rj_RJ_2021-01-01_660_401_ref" xlink:role="http://www.xbrl.org/2008/role/reference" id="rj_RJ_2021-01-01_660_401_ref">
      <ref:Chapter>660</ref:Chapter>
      <ref:IssueDate>2021-01-01</ref:IssueDate>
      <ref:Name>Richtlijnen voor de jaarverslaggeving</ref:Name>
      <ref:Paragraph>401</ref:Paragraph>
    </reference:reference>
    <gen:arc xlink:type="arc" xlink:arcrole="http://xbrl.org/arcrole/2008/element-reference" xlink:from="rj_RelatedPartyTypedMember_loc" xlink:to="rj_RJ_2021-01-01_660_401_ref"/>
    <link:loc xlink:type="locator" xlink:href="rj_cor.xsd#rj_ReportingSegmentCashflowGeneratingUnitTypedMember" xlink:label="rj_ReportingSegmentCashflowGeneratingUnitTypedMember_loc"/>
    <gen:arc xlink:type="arc" xlink:arcrole="http://xbrl.org/arcrole/2008/element-reference" xlink:from="rj_ReportingSegmentCashflowGeneratingUnitTypedMember_loc" xlink:to="rj_RJ_2021-01-01_121_805_D_ref"/>
    <link:loc xlink:type="locator" xlink:href="rj_cor.xsd#rj_RevenuesOtherTypedMember" xlink:label="rj_RevenuesOtherTypedMember_loc"/>
    <gen:arc xlink:type="arc" xlink:arcrole="http://xbrl.org/arcrole/2008/element-reference" xlink:from="rj_RevenuesOtherTypedMember_loc" xlink:to="rj_RJ_2021-01-01_115_214_ref"/>
    <link:loc xlink:type="locator" xlink:href="rj_cor.xsd#rj_RightsGrantedExcercisedGroupTypedMember" xlink:label="rj_RightsGrantedExcercisedGroupTypedMember_loc"/>
    <gen:arc xlink:type="arc" xlink:arcrole="http://xbrl.org/arcrole/2008/element-reference" xlink:from="rj_RightsGrantedExcercisedGroupTypedMember_loc" xlink:to="rj_RJk_2021-01-01_B8_127_ref"/>
    <link:loc xlink:type="locator" xlink:href="rj_cor.xsd#rj_RightsGrantedNotYetExcercisedGroupTypedMember" xlink:label="rj_RightsGrantedNotYetExcercisedGroupTypedMember_loc"/>
    <gen:arc xlink:type="arc" xlink:arcrole="http://xbrl.org/arcrole/2008/element-reference" xlink:from="rj_RightsGrantedNotYetExcercisedGroupTypedMember_loc" xlink:to="rj_RJk_2021-01-01_B8_127_ref"/>
    <link:loc xlink:type="locator" xlink:href="rj_cor.xsd#rj_RiskGroupTypedMember" xlink:label="rj_RiskGroupTypedMember_loc"/>
    <reference:reference xlink:type="resource" xlink:label="rj_RJ_2021-01-01_605_551_ref" xlink:role="http://www.xbrl.org/2008/role/reference" id="rj_RJ_2021-01-01_605_551_ref">
      <ref:Chapter>605</ref:Chapter>
      <ref:IssueDate>2021-01-01</ref:IssueDate>
      <ref:Name>Richtlijnen voor de jaarverslaggeving</ref:Name>
      <ref:Paragraph>551</ref:Paragraph>
    </reference:reference>
    <gen:arc xlink:type="arc" xlink:arcrole="http://xbrl.org/arcrole/2008/element-reference" xlink:from="rj_RiskGroupTypedMember_loc" xlink:to="rj_RJ_2021-01-01_605_551_ref"/>
    <link:loc xlink:type="locator" xlink:href="rj_cor.xsd#rj_SectorTypedMember" xlink:label="rj_SectorTypedMember_loc"/>
    <gen:arc xlink:type="arc" xlink:arcrole="http://xbrl.org/arcrole/2008/element-reference" xlink:from="rj_SectorTypedMember_loc" xlink:to="rj_RJ_2021-01-01_600_209_ref"/>
    <link:loc xlink:type="locator" xlink:href="rj_cor.xsd#rj_SegmentReportingTypedMember" xlink:label="rj_SegmentReportingTypedMember_loc"/>
    <reference:reference xlink:type="resource" xlink:label="rj_RJ_2021-01-01_350_314_ref" xlink:role="http://www.xbrl.org/2008/role/reference" id="rj_RJ_2021-01-01_350_314_ref">
      <ref:Chapter>350</ref:Chapter>
      <ref:IssueDate>2021-01-01</ref:IssueDate>
      <ref:Name>Richtlijnen voor de jaarverslaggeving</ref:Name>
      <ref:Paragraph>314</ref:Paragraph>
    </reference:reference>
    <gen:arc xlink:type="arc" xlink:arcrole="http://xbrl.org/arcrole/2008/element-reference" xlink:from="rj_SegmentReportingTypedMember_loc" xlink:to="rj_RJ_2021-01-01_350_314_ref"/>
    <reference:reference xlink:type="resource" xlink:label="rj_RJ_2021-01-01_640_510_ref" xlink:role="http://www.xbrl.org/2008/role/reference" id="rj_RJ_2021-01-01_640_510_ref">
      <ref:Chapter>640</ref:Chapter>
      <ref:IssueDate>2021-01-01</ref:IssueDate>
      <ref:Name>Richtlijnen voor de jaarverslaggeving</ref:Name>
      <ref:Paragraph>510</ref:Paragraph>
    </reference:reference>
    <gen:arc xlink:type="arc" xlink:arcrole="http://xbrl.org/arcrole/2008/element-reference" xlink:from="rj_SegmentReportingTypedMember_loc" xlink:to="rj_RJ_2021-01-01_640_510_ref"/>
    <link:loc xlink:type="locator" xlink:href="rj_cor.xsd#rj_ShareCertificatesTypedMember" xlink:label="rj_ShareCertificatesTypedMember_loc"/>
    <reference:reference xlink:type="resource" xlink:label="rj_RJ_2021-01-01_640_529_ref" xlink:role="http://www.xbrl.org/2008/role/reference" id="rj_RJ_2021-01-01_640_529_ref">
      <ref:Chapter>640</ref:Chapter>
      <ref:IssueDate>2021-01-01</ref:IssueDate>
      <ref:Name>Richtlijnen voor de jaarverslaggeving</ref:Name>
      <ref:Paragraph>529</ref:Paragraph>
    </reference:reference>
    <gen:arc xlink:type="arc" xlink:arcrole="http://xbrl.org/arcrole/2008/element-reference" xlink:from="rj_ShareCertificatesTypedMember_loc" xlink:to="rj_RJ_2021-01-01_640_529_ref"/>
    <link:loc xlink:type="locator" xlink:href="rj_cor.xsd#rj_SharesHeldInAdministrationTypedMember" xlink:label="rj_SharesHeldInAdministrationTypedMember_loc"/>
    <gen:arc xlink:type="arc" xlink:arcrole="http://xbrl.org/arcrole/2008/element-reference" xlink:from="rj_SharesHeldInAdministrationTypedMember_loc" xlink:to="rj_RJ_2021-01-01_640_529_ref"/>
    <link:loc xlink:type="locator" xlink:href="rj_cor.xsd#rj_SpecialPurposeTypedMember" xlink:label="rj_SpecialPurposeTypedMember_loc"/>
    <gen:arc xlink:type="arc" xlink:arcrole="http://xbrl.org/arcrole/2008/element-reference" xlink:from="rj_SpecialPurposeTypedMember_loc" xlink:to="rj_RJ_2021-01-01_640_408_ref"/>
    <link:loc xlink:type="locator" xlink:href="rj_cor.xsd#rj_StatisticalConnectionFactorsIncomeTaxAndResultBeforeTaxTypedMember" xlink:label="rj_StatisticalConnectionFactorsIncomeTaxAndResultBeforeTaxTypedMember_loc"/>
    <reference:reference xlink:type="resource" xlink:label="rj_RJ_2023-01-01_272_704_ref" xlink:role="http://www.xbrl.org/2008/role/reference" id="rj_RJ_2023-01-01_272_704_ref">
      <ref:Chapter>272</ref:Chapter>
      <ref:IssueDate>2023-01-01</ref:IssueDate>
      <ref:Name>Richtlijnen voor de jaarverslaggeving</ref:Name>
      <ref:Paragraph>704</ref:Paragraph>
    </reference:reference>
    <gen:arc xlink:type="arc" xlink:arcrole="http://xbrl.org/arcrole/2008/element-reference" xlink:from="rj_StatisticalConnectionFactorsIncomeTaxAndResultBeforeTaxTypedMember_loc" xlink:to="rj_RJ_2023-01-01_272_704_ref"/>
    <link:loc xlink:type="locator" xlink:href="rj_cor.xsd#rj_StatutoryReserveDescriptionTypedMember" xlink:label="rj_StatutoryReserveDescriptionTypedMember_loc"/>
    <reference:reference xlink:type="resource" xlink:label="rj_RJ_2021-01-01_655_308_ref" xlink:role="http://www.xbrl.org/2008/role/reference" id="rj_RJ_2021-01-01_655_308_ref">
      <ref:Chapter>655</ref:Chapter>
      <ref:IssueDate>2021-01-01</ref:IssueDate>
      <ref:Name>Richtlijnen voor de jaarverslaggeving</ref:Name>
      <ref:Paragraph>308</ref:Paragraph>
    </reference:reference>
    <gen:arc xlink:type="arc" xlink:arcrole="http://xbrl.org/arcrole/2008/element-reference" xlink:from="rj_StatutoryReserveDescriptionTypedMember_loc" xlink:to="rj_RJ_2021-01-01_655_308_ref"/>
    <link:loc xlink:type="locator" xlink:href="rj_cor.xsd#rj_SubfundsTypedMember" xlink:label="rj_SubfundsTypedMember_loc"/>
    <gen:arc xlink:type="arc" xlink:arcrole="http://xbrl.org/arcrole/2008/element-reference" xlink:from="rj_SubfundsTypedMember_loc" xlink:to="rj_RJ_2021-01-01_615_413_ref"/>
    <link:loc xlink:type="locator" xlink:href="rj_cor.xsd#rj_SubordinatedLiabilitiesTypedMember" xlink:label="rj_SubordinatedLiabilitiesTypedMember_loc"/>
    <reference:reference xlink:type="resource" xlink:label="rj_RJ_2021-01-01_600_253_ref" xlink:role="http://www.xbrl.org/2008/role/reference" id="rj_RJ_2021-01-01_600_253_ref">
      <ref:Chapter>600</ref:Chapter>
      <ref:IssueDate>2021-01-01</ref:IssueDate>
      <ref:Name>Richtlijnen voor de jaarverslaggeving</ref:Name>
      <ref:Paragraph>253</ref:Paragraph>
    </reference:reference>
    <gen:arc xlink:type="arc" xlink:arcrole="http://xbrl.org/arcrole/2008/element-reference" xlink:from="rj_SubordinatedLiabilitiesTypedMember_loc" xlink:to="rj_RJ_2021-01-01_600_253_ref"/>
    <link:loc xlink:type="locator" xlink:href="rj_cor.xsd#rj_SubsequentEventsTypedMember" xlink:label="rj_SubsequentEventsTypedMember_loc"/>
    <reference:reference xlink:type="resource" xlink:label="rj_RJ_2021-01-01_160_404_ref" xlink:role="http://www.xbrl.org/2008/role/reference" id="rj_RJ_2021-01-01_160_404_ref">
      <ref:Chapter>160</ref:Chapter>
      <ref:IssueDate>2021-01-01</ref:IssueDate>
      <ref:Name>Richtlijnen voor de jaarverslaggeving</ref:Name>
      <ref:Paragraph>404</ref:Paragraph>
    </reference:reference>
    <gen:arc xlink:type="arc" xlink:arcrole="http://xbrl.org/arcrole/2008/element-reference" xlink:from="rj_SubsequentEventsTypedMember_loc" xlink:to="rj_RJ_2021-01-01_160_404_ref"/>
    <reference:reference xlink:type="resource" xlink:label="rj_RJk_2021-01-01_A4_112_ref" xlink:role="http://www.xbrl.org/2008/role/reference" id="rj_RJk_2021-01-01_A4_112_ref">
      <ref:Chapter>A4</ref:Chapter>
      <ref:IssueDate>2021-01-01</ref:IssueDate>
      <ref:Name>Richtlijnen voor de jaarverslaggeving voor kleine rechtspersonen</ref:Name>
      <ref:Paragraph>112</ref:Paragraph>
    </reference:reference>
    <gen:arc xlink:type="arc" xlink:arcrole="http://xbrl.org/arcrole/2008/element-reference" xlink:from="rj_SubsequentEventsTypedMember_loc" xlink:to="rj_RJk_2021-01-01_A4_112_ref"/>
    <link:loc xlink:type="locator" xlink:href="rj_cor.xsd#rj_SubsidyIncomeTypedMember" xlink:label="rj_SubsidyIncomeTypedMember_loc"/>
    <reference:reference xlink:type="resource" xlink:label="rj_RJ_2021-01-01_640_409_ref" xlink:role="http://www.xbrl.org/2008/role/reference" id="rj_RJ_2021-01-01_640_409_ref">
      <ref:Chapter>640</ref:Chapter>
      <ref:IssueDate>2021-01-01</ref:IssueDate>
      <ref:Name>Richtlijnen voor de jaarverslaggeving</ref:Name>
      <ref:Paragraph>409</ref:Paragraph>
    </reference:reference>
    <gen:arc xlink:type="arc" xlink:arcrole="http://xbrl.org/arcrole/2008/element-reference" xlink:from="rj_SubsidyIncomeTypedMember_loc" xlink:to="rj_RJ_2021-01-01_640_409_ref"/>
    <reference:reference xlink:type="resource" xlink:label="rj_RJ_2021-01-01_660_403_ref" xlink:role="http://www.xbrl.org/2008/role/reference" id="rj_RJ_2021-01-01_660_403_ref">
      <ref:Chapter>660</ref:Chapter>
      <ref:IssueDate>2021-01-01</ref:IssueDate>
      <ref:Name>Richtlijnen voor de jaarverslaggeving</ref:Name>
      <ref:Paragraph>403</ref:Paragraph>
    </reference:reference>
    <gen:arc xlink:type="arc" xlink:arcrole="http://xbrl.org/arcrole/2008/element-reference" xlink:from="rj_SubsidyIncomeTypedMember_loc" xlink:to="rj_RJ_2021-01-01_660_403_ref"/>
    <reference:reference xlink:type="resource" xlink:label="rj_RJk_2021-01-01_C1_313_ref" xlink:role="http://www.xbrl.org/2008/role/reference" id="rj_RJk_2021-01-01_C1_313_ref">
      <ref:Chapter>C1</ref:Chapter>
      <ref:IssueDate>2021-01-01</ref:IssueDate>
      <ref:Name>Richtlijnen voor de jaarverslaggeving voor kleine rechtspersonen</ref:Name>
      <ref:Paragraph>313</ref:Paragraph>
    </reference:reference>
    <gen:arc xlink:type="arc" xlink:arcrole="http://xbrl.org/arcrole/2008/element-reference" xlink:from="rj_SubsidyIncomeTypedMember_loc" xlink:to="rj_RJk_2021-01-01_C1_313_ref"/>
    <link:loc xlink:type="locator" xlink:href="rj_cor.xsd#rj_TangibleAssetsOtherTypedMember" xlink:label="rj_TangibleAssetsOtherTypedMember_loc"/>
    <gen:arc xlink:type="arc" xlink:arcrole="http://xbrl.org/arcrole/2008/element-reference" xlink:from="rj_TangibleAssetsOtherTypedMember_loc" xlink:to="rj_RJ_2021-01-01_115_214_ref"/>
    <link:loc xlink:type="locator" xlink:href="rj_cor.xsd#rj_TechnicalProvisionOtherTypedMember" xlink:label="rj_TechnicalProvisionOtherTypedMember_loc"/>
    <reference:reference xlink:type="resource" xlink:label="rj_RJ_2021-01-01_610_261_ref" xlink:role="http://www.xbrl.org/2008/role/reference" id="rj_RJ_2021-01-01_610_261_ref">
      <ref:Chapter>610</ref:Chapter>
      <ref:IssueDate>2021-01-01</ref:IssueDate>
      <ref:Name>Richtlijnen voor de jaarverslaggeving</ref:Name>
      <ref:Paragraph>261</ref:Paragraph>
    </reference:reference>
    <gen:arc xlink:type="arc" xlink:arcrole="http://xbrl.org/arcrole/2008/element-reference" xlink:from="rj_TechnicalProvisionOtherTypedMember_loc" xlink:to="rj_RJ_2021-01-01_610_261_ref"/>
    <link:loc xlink:type="locator" xlink:href="rj_cor.xsd#rj_NameOfSeniorOfficialRemuneration1700OrLessAntiCumulationTypedMember" xlink:label="rj_NameOfSeniorOfficialRemuneration1700OrLessAntiCumulationTypedMember_loc"/>
    <reference:reference xlink:type="resource" xlink:label="rj_UWNT_2018-01-01_5_1_A_ref" xlink:role="http://www.xbrl.org/2008/role/reference" id="rj_UWNT_2018-01-01_5_1_A_ref">
      <ref:Article>5</ref:Article>
      <ref:IssueDate>2018-01-01</ref:IssueDate>
      <ref:Name>Uitvoeringsregeling WNT</ref:Name>
      <ref:Paragraph>1</ref:Paragraph>
      <ref:Subparagraph>a</ref:Subparagraph>
    </reference:reference>
    <gen:arc xlink:type="arc" xlink:arcrole="http://xbrl.org/arcrole/2008/element-reference" xlink:from="rj_NameOfSeniorOfficialRemuneration1700OrLessAntiCumulationTypedMember_loc" xlink:to="rj_UWNT_2018-01-01_5_1_A_ref"/>
    <reference:reference xlink:type="resource" xlink:label="rj_UWNT_2018-01-01_5_4_A_ref" xlink:role="http://www.xbrl.org/2008/role/reference" id="rj_UWNT_2018-01-01_5_4_A_ref">
      <ref:Article>5</ref:Article>
      <ref:IssueDate>2018-01-01</ref:IssueDate>
      <ref:Name>Uitvoeringsregeling WNT</ref:Name>
      <ref:Paragraph>4</ref:Paragraph>
      <ref:Subparagraph>a</ref:Subparagraph>
    </reference:reference>
    <gen:arc xlink:type="arc" xlink:arcrole="http://xbrl.org/arcrole/2008/element-reference" xlink:from="rj_NameOfSeniorOfficialRemuneration1700OrLessAntiCumulationTypedMember_loc" xlink:to="rj_UWNT_2018-01-01_5_4_A_ref"/>
    <reference:reference xlink:type="resource" xlink:label="rj_UWNT_2018-01-01_5_5_A_ref" xlink:role="http://www.xbrl.org/2008/role/reference" id="rj_UWNT_2018-01-01_5_5_A_ref">
      <ref:Article>5</ref:Article>
      <ref:IssueDate>2018-01-01</ref:IssueDate>
      <ref:Name>Uitvoeringsregeling WNT</ref:Name>
      <ref:Paragraph>5</ref:Paragraph>
      <ref:Subparagraph>a</ref:Subparagraph>
    </reference:reference>
    <gen:arc xlink:type="arc" xlink:arcrole="http://xbrl.org/arcrole/2008/element-reference" xlink:from="rj_NameOfSeniorOfficialRemuneration1700OrLessAntiCumulationTypedMember_loc" xlink:to="rj_UWNT_2018-01-01_5_5_A_ref"/>
    <link:loc xlink:type="locator" xlink:href="rj_cor.xsd#rj_NameOfSeniorOfficialRemuneration1700OrMoreAccumulatedTypedMember" xlink:label="rj_NameOfSeniorOfficialRemuneration1700OrMoreAccumulatedTypedMember_loc"/>
    <gen:arc xlink:type="arc" xlink:arcrole="http://xbrl.org/arcrole/2008/element-reference" xlink:from="rj_NameOfSeniorOfficialRemuneration1700OrMoreAccumulatedTypedMember_loc" xlink:to="rj_UWNT_2018-01-01_5_1_A_ref"/>
    <gen:arc xlink:type="arc" xlink:arcrole="http://xbrl.org/arcrole/2008/element-reference" xlink:from="rj_NameOfSeniorOfficialRemuneration1700OrMoreAccumulatedTypedMember_loc" xlink:to="rj_UWNT_2018-01-01_5_4_A_ref"/>
    <gen:arc xlink:type="arc" xlink:arcrole="http://xbrl.org/arcrole/2008/element-reference" xlink:from="rj_NameOfSeniorOfficialRemuneration1700OrMoreAccumulatedTypedMember_loc" xlink:to="rj_UWNT_2018-01-01_5_5_A_ref"/>
    <link:loc xlink:type="locator" xlink:href="rj_cor.xsd#rj_NameOfSeniorOfficialTypedMember" xlink:label="rj_NameOfSeniorOfficialTypedMember_loc"/>
    <gen:arc xlink:type="arc" xlink:arcrole="http://xbrl.org/arcrole/2008/element-reference" xlink:from="rj_NameOfSeniorOfficialTypedMember_loc" xlink:to="rj_UWNT_2018-01-01_5_1_A_ref"/>
    <gen:arc xlink:type="arc" xlink:arcrole="http://xbrl.org/arcrole/2008/element-reference" xlink:from="rj_NameOfSeniorOfficialTypedMember_loc" xlink:to="rj_UWNT_2018-01-01_5_4_A_ref"/>
    <gen:arc xlink:type="arc" xlink:arcrole="http://xbrl.org/arcrole/2008/element-reference" xlink:from="rj_NameOfSeniorOfficialTypedMember_loc" xlink:to="rj_UWNT_2018-01-01_5_5_A_ref"/>
    <link:loc xlink:type="locator" xlink:href="rj_cor.xsd#rj_NameOfSupervisorySeniorOfficialWithoutEmploymentTypedMember" xlink:label="rj_NameOfSupervisorySeniorOfficialWithoutEmploymentTypedMember_loc"/>
    <gen:arc xlink:type="arc" xlink:arcrole="http://xbrl.org/arcrole/2008/element-reference" xlink:from="rj_NameOfSupervisorySeniorOfficialWithoutEmploymentTypedMember_loc" xlink:to="rj_UWNT_2018-01-01_5_1_A_ref"/>
    <link:loc xlink:type="locator" xlink:href="rj_cor.xsd#rj_PositionOfNonSeniorOfficialsTypedMember" xlink:label="rj_PositionOfNonSeniorOfficialsTypedMember_loc"/>
    <reference:reference xlink:type="resource" xlink:label="rj_UWNT_2018-01-01_5a_1_A_ref" xlink:role="http://www.xbrl.org/2008/role/reference" id="rj_UWNT_2018-01-01_5a_1_A_ref">
      <ref:Article>5a</ref:Article>
      <ref:IssueDate>2018-01-01</ref:IssueDate>
      <ref:Name>Uitvoeringsregeling WNT</ref:Name>
      <ref:Paragraph>1</ref:Paragraph>
      <ref:Subparagraph>a</ref:Subparagraph>
    </reference:reference>
    <gen:arc xlink:type="arc" xlink:arcrole="http://xbrl.org/arcrole/2008/element-reference" xlink:from="rj_PositionOfNonSeniorOfficialsTypedMember_loc" xlink:to="rj_UWNT_2018-01-01_5a_1_A_ref"/>
    <link:loc xlink:type="locator" xlink:href="rj_cor.xsd#rj_CommitteeNameTypedMember" xlink:label="rj_CommitteeNameTypedMember_loc"/>
    <reference:reference xlink:type="resource" xlink:label="rj_NCGC_2022_PEBPB_2.3.5_ref" xlink:role="http://www.xbrl.org/2008/role/reference" id="rj_NCGC_2022_PEBPB_2.3.5_ref">
      <ref:Chapter>Principes en best practice bepalingen</ref:Chapter>
      <ref:IssueDate>2022</ref:IssueDate>
      <ref:Name>Nederlandse Corporate Governance Code</ref:Name>
      <ref:Paragraph>2.3.5</ref:Paragraph>
    </reference:reference>
    <gen:arc xlink:type="arc" xlink:arcrole="http://xbrl.org/arcrole/2008/element-reference" xlink:from="rj_CommitteeNameTypedMember_loc" xlink:to="rj_NCGC_2022_PEBPB_2.3.5_ref"/>
    <link:loc xlink:type="locator" xlink:href="rj_cor.xsd#rj_SupervisoryDirectorNameTypedMember" xlink:label="rj_SupervisoryDirectorNameTypedMember_loc"/>
    <reference:reference xlink:type="resource" xlink:label="rj_NCGC_2022_PEBPB_2.1.2_ref" xlink:role="http://www.xbrl.org/2008/role/reference" id="rj_NCGC_2022_PEBPB_2.1.2_ref">
      <ref:Chapter>Principes en best practice bepalingen</ref:Chapter>
      <ref:IssueDate>2022</ref:IssueDate>
      <ref:Name>Nederlandse Corporate Governance Code</ref:Name>
      <ref:Paragraph>2.1.2</ref:Paragraph>
    </reference:reference>
    <gen:arc xlink:type="arc" xlink:arcrole="http://xbrl.org/arcrole/2008/element-reference" xlink:from="rj_SupervisoryDirectorNameTypedMember_loc" xlink:to="rj_NCGC_2022_PEBPB_2.1.2_ref"/>
  </gen:link>
</link:linkbase>
