<?xml version="1.0" encoding="UTF-8"?>
<tp:taxonomyPackage xml:lang="en" xmlns:tp="http://xbrl.org/2016/taxonomy-package" xmlns:xsi="http://www.w3.org/2001/XMLSchema-instance" xsi:schemaLocation="http://xbrl.org/2016/taxonomy-package http://www.xbrl.org/2016/taxonomy-package.xsd">
	<tp:identifier>https://www.iso.org/taxonomy/2025-01-01</tp:identifier>
	<tp:name>ISO Taxonomy 2022</tp:name>
	<tp:description></tp:description>
	<tp:version>0.1.0</tp:version>
	<tp:publisher>International Organization for Standartization</tp:publisher>
	<tp:publisherURL>https://www.iso.org</tp:publisherURL>
	<tp:publisherCountry>US</tp:publisherCountry>
	<tp:publicationDate>2025-01-01</tp:publicationDate>
	<tp:entryPoints>
		<tp:entryPoint>
			<tp:name>ISO 19160-4:2023</tp:name>
			<tp:description></tp:description>
			<tp:entryPointDocument href="https://www.iso.org.nl/taxonomy/2025-01-01/iso_19160-4_2023.xsd" />
		</tp:entryPoint>
	</tp:entryPoints>
</tp:taxonomyPackage>