<?xml version="1.0" encoding="UTF-8"?>
<link:linkbase xmlns:link="http://www.xbrl.org/2003/linkbase" xmlns:xbrldt="http://xbrl.org/2005/xbrldt" xmlns:xlink="http://www.w3.org/1999/xlink">
    <link:roleRef roleURI="https://www.minjenv.nl/taxonomy/2025-01-01/jenv-bw2/basis-of-preparation-ee" xlink:href="jenv-bw2_cor.xsd#jenv-bw2_BasisOfPreparationEE" xlink:type="simple" />
    <link:roleRef roleURI="https://www.minjenv.nl/taxonomy/2025-01-01/jenv-bw2/director-ee" xlink:href="jenv-bw2_cor.xsd#jenv-bw2_DirectorEE" xlink:type="simple" />
    <link:roleRef roleURI="https://www.minjenv.nl/taxonomy/2025-01-01/jenv-bw2/legal-form-ee" xlink:href="jenv-bw2_cor.xsd#jenv-bw2_LegalFormEE" xlink:type="simple" />
    <link:roleRef roleURI="https://www.minjenv.nl/taxonomy/2025-01-01/jenv-bw2/profit-appropriation-ee" xlink:href="jenv-bw2_cor.xsd#jenv-bw2_ProfitAppropriationEE" xlink:type="simple" />
    <link:arcroleRef arcroleURI="http://xbrl.org/int/dim/arcrole/domain-member" xlink:href="http://www.xbrl.org/2005/xbrldt-2005.xsd#domain-member" xlink:type="simple" />
    <link:definitionLink xlink:role="https://www.minjenv.nl/taxonomy/2025-01-01/jenv-bw2/basis-of-preparation-ee" xlink:type="extended">
        <link:loc xlink:href="jenv-bw2_cor.xsd#jenv-bw2_BasisOfPreparationDomain" xlink:label="loc_1" xlink:type="locator" />
        <link:loc xlink:href="jenv-bw2_cor.xsd#jenv-bw2_BasisOfPreparationCommercial" xlink:label="loc_2" xlink:type="locator" />
        <link:loc xlink:href="jenv-bw2_cor.xsd#jenv-bw2_BasisOfPreparationFiscal" xlink:label="loc_3" xlink:type="locator" />
        <link:definitionArc xbrldt:usable="true" xlink:arcrole="http://xbrl.org/int/dim/arcrole/domain-member" xlink:from="loc_1" xlink:to="loc_2" xlink:type="arc" />
        <link:definitionArc xbrldt:usable="true" xlink:arcrole="http://xbrl.org/int/dim/arcrole/domain-member" xlink:from="loc_1" xlink:to="loc_3" xlink:type="arc" />
    </link:definitionLink>
    <link:definitionLink xlink:role="https://www.minjenv.nl/taxonomy/2025-01-01/jenv-bw2/director-ee" xlink:type="extended">
        <link:loc xlink:href="jenv-bw2_cor.xsd#jenv-bw2_DirectorDomain" xlink:label="loc_1" xlink:type="locator" />
        <link:loc xlink:href="jenv-bw2_cor.xsd#jenv-bw2_ManagingDirectorCurrent" xlink:label="loc_2" xlink:type="locator" />
        <link:loc xlink:href="jenv-bw2_cor.xsd#jenv-bw2_ManagingDirectorFormer" xlink:label="loc_3" xlink:type="locator" />
        <link:loc xlink:href="jenv-bw2_cor.xsd#jenv-bw2_SupervisoryDirectorCurrent" xlink:label="loc_4" xlink:type="locator" />
        <link:loc xlink:href="jenv-bw2_cor.xsd#jenv-bw2_SupervisoryDirectorFormer" xlink:label="loc_5" xlink:type="locator" />
        <link:definitionArc xbrldt:usable="true" xlink:arcrole="http://xbrl.org/int/dim/arcrole/domain-member" xlink:from="loc_1" xlink:to="loc_2" xlink:type="arc" />
        <link:definitionArc xbrldt:usable="true" xlink:arcrole="http://xbrl.org/int/dim/arcrole/domain-member" xlink:from="loc_1" xlink:to="loc_3" xlink:type="arc" />
        <link:definitionArc xbrldt:usable="true" xlink:arcrole="http://xbrl.org/int/dim/arcrole/domain-member" xlink:from="loc_1" xlink:to="loc_4" xlink:type="arc" />
        <link:definitionArc xbrldt:usable="true" xlink:arcrole="http://xbrl.org/int/dim/arcrole/domain-member" xlink:from="loc_1" xlink:to="loc_5" xlink:type="arc" />
    </link:definitionLink>
    <link:definitionLink xlink:role="https://www.minjenv.nl/taxonomy/2025-01-01/jenv-bw2/legal-form-ee" xlink:type="extended">
        <link:loc xlink:href="jenv-bw2_cor.xsd#jenv-bw2_LegalFormDomain" xlink:label="loc_1" xlink:type="locator" />
        <link:loc xlink:href="jenv-bw2_cor.xsd#jenv-bw2_PrivateLimitedLiabilityCompany" xlink:label="loc_2" xlink:type="locator" />
        <link:loc xlink:href="jenv-bw2_cor.xsd#jenv-bw2_LimitedPartnership" xlink:label="loc_3" xlink:type="locator" />
        <link:loc xlink:href="jenv-bw2_cor.xsd#jenv-bw2_Cooperative" xlink:label="loc_4" xlink:type="locator" />
        <link:loc xlink:href="jenv-bw2_cor.xsd#jenv-bw2_PublicLimitedLiabilityCompany" xlink:label="loc_5" xlink:type="locator" />
        <link:loc xlink:href="jenv-bw2_cor.xsd#jenv-bw2_MutualInsuranceCompany" xlink:label="loc_6" xlink:type="locator" />
        <link:loc xlink:href="jenv-bw2_cor.xsd#jenv-bw2_Foundation" xlink:label="loc_7" xlink:type="locator" />
        <link:loc xlink:href="jenv-bw2_cor.xsd#jenv-bw2_GeneralPartnership" xlink:label="loc_8" xlink:type="locator" />
        <link:loc xlink:href="jenv-bw2_cor.xsd#jenv-bw2_Association" xlink:label="loc_9" xlink:type="locator" />
        <link:definitionArc xbrldt:usable="true" xlink:arcrole="http://xbrl.org/int/dim/arcrole/domain-member" xlink:from="loc_1" xlink:to="loc_2" xlink:type="arc" />
        <link:definitionArc xbrldt:usable="true" xlink:arcrole="http://xbrl.org/int/dim/arcrole/domain-member" xlink:from="loc_1" xlink:to="loc_3" xlink:type="arc" />
        <link:definitionArc xbrldt:usable="true" xlink:arcrole="http://xbrl.org/int/dim/arcrole/domain-member" xlink:from="loc_1" xlink:to="loc_4" xlink:type="arc" />
        <link:definitionArc xbrldt:usable="true" xlink:arcrole="http://xbrl.org/int/dim/arcrole/domain-member" xlink:from="loc_1" xlink:to="loc_5" xlink:type="arc" />
        <link:definitionArc xbrldt:usable="true" xlink:arcrole="http://xbrl.org/int/dim/arcrole/domain-member" xlink:from="loc_1" xlink:to="loc_6" xlink:type="arc" />
        <link:definitionArc xbrldt:usable="true" xlink:arcrole="http://xbrl.org/int/dim/arcrole/domain-member" xlink:from="loc_1" xlink:to="loc_7" xlink:type="arc" />
        <link:definitionArc xbrldt:usable="true" xlink:arcrole="http://xbrl.org/int/dim/arcrole/domain-member" xlink:from="loc_1" xlink:to="loc_8" xlink:type="arc" />
        <link:definitionArc xbrldt:usable="true" xlink:arcrole="http://xbrl.org/int/dim/arcrole/domain-member" xlink:from="loc_1" xlink:to="loc_9" xlink:type="arc" />
    </link:definitionLink>
    <link:definitionLink xlink:role="https://www.minjenv.nl/taxonomy/2025-01-01/jenv-bw2/profit-appropriation-ee" xlink:type="extended">
        <link:loc xlink:href="jenv-bw2_cor.xsd#jenv-bw2_ProfitAppropriationDomain" xlink:label="loc_1" xlink:type="locator" />
        <link:loc xlink:href="jenv-bw2_cor.xsd#jenv-bw2_ProfitAppropriationBefore" xlink:label="loc_2" xlink:type="locator" />
        <link:loc xlink:href="jenv-bw2_cor.xsd#jenv-bw2_ProfitAppropriationAfter" xlink:label="loc_3" xlink:type="locator" />
        <link:definitionArc xbrldt:usable="true" xlink:arcrole="http://xbrl.org/int/dim/arcrole/domain-member" xlink:from="loc_1" xlink:to="loc_2" xlink:type="arc" />
        <link:definitionArc xbrldt:usable="true" xlink:arcrole="http://xbrl.org/int/dim/arcrole/domain-member" xlink:from="loc_1" xlink:to="loc_3" xlink:type="arc" />
    </link:definitionLink>
</link:linkbase>