<?xml version="1.0" encoding="UTF-8" standalone="yes"?>
<link:linkbase xmlns:link="http://www.xbrl.org/2003/linkbase" xmlns:xlink="http://www.w3.org/1999/xlink" xmlns:gen="http://xbrl.org/2008/generic" xmlns:label="http://xbrl.org/2008/label" xmlns:xsi="http://www.w3.org/2001/XMLSchema-instance" xsi:schemaLocation="http://www.xbrl.org/2003/linkbase http://www.xbrl.org/2003/xbrl-linkbase-2003-12-31.xsd http://www.w3.org/1999/xlink http://www.xbrl.org/2003/xlink-2003-12-31.xsd http://xbrl.org/2008/label http://www.xbrl.org/2008/generic-label.xsd http://xbrl.org/2008/generic http://www.xbrl.org/2008/generic-link.xsd">
  <link:roleRef roleURI="http://www.xbrl.org/2008/role/label" xlink:href="http://www.xbrl.org/2008/generic-label.xsd#standard-label" xlink:type="simple" />
  <link:roleRef roleURI="http://www.xbrl.org/2008/role/link" xlink:href="http://www.xbrl.org/2008/generic-link.xsd#standard-link-role" xlink:type="simple" />
  <link:arcroleRef arcroleURI="http://xbrl.org/arcrole/2008/element-label" xlink:href="http://www.xbrl.org/2008/generic-label.xsd#element-label" xlink:type="simple" />
  <gen:link xlink:role="http://www.xbrl.org/2008/role/link" xlink:type="extended">
    <!-- start of typed domains -->
    <gen:arc xlink:arcrole="http://xbrl.org/arcrole/2008/element-label" xlink:from="jenv-bw2_CategoryEmployeesManagerialPositionsTypedMember_loc" xlink:to="jenv-bw2_CategoryEmployeesManagerialPositionsTypedMember_label_en" xlink:type="arc" />
    <gen:arc xlink:arcrole="http://xbrl.org/arcrole/2008/element-label" xlink:from="jenv-bw2_DerivativeFinancialInstrumentTypedMember_loc" xlink:to="jenv-bw2_DerivativeFinancialInstrumentTypedMember_label_en" xlink:type="arc" />
    <gen:arc xlink:arcrole="http://xbrl.org/arcrole/2008/element-label" xlink:from="jenv-bw2_FinancialInstrumentsCurrentValueTypedMember_loc" xlink:to="jenv-bw2_FinancialInstrumentsCurrentValueTypedMember_label_en" xlink:type="arc" />
    <gen:arc xlink:arcrole="http://xbrl.org/arcrole/2008/element-label" xlink:from="jenv-bw2_FinancialInstrumentsHigherValueThanFairValueTypedMember_loc" xlink:to="jenv-bw2_FinancialInstrumentsHigherValueThanFairValueTypedMember_label_en" xlink:type="arc" />
    <gen:arc xlink:arcrole="http://xbrl.org/arcrole/2008/element-label" xlink:from="jenv-bw2_HedgeInstrumentTypedMember_loc" xlink:to="jenv-bw2_HedgeInstrumentTypedMember_label_en" xlink:type="arc" />
    <gen:arc xlink:arcrole="http://xbrl.org/arcrole/2008/element-label" xlink:from="jenv-bw2_LegalEntityNamesParticipatingInterestsWithoutLegalPersonalityTypedMember_loc" xlink:to="jenv-bw2_LegalEntityNamesParticipatingInterestsWithoutLegalPersonalityTypedMember_label_en" xlink:type="arc" />
    <gen:arc xlink:arcrole="http://xbrl.org/arcrole/2008/element-label" xlink:from="jenv-bw2_LegalEntityTypedMember_loc" xlink:to="jenv-bw2_LegalEntityTypedMember_label_en" xlink:type="arc" />
    <gen:arc xlink:arcrole="http://xbrl.org/arcrole/2008/element-label" xlink:from="jenv-bw2_LiabilitiesOtherTypedMember_loc" xlink:to="jenv-bw2_LiabilitiesOtherTypedMember_label_en" xlink:type="arc" />
    <gen:arc xlink:arcrole="http://xbrl.org/arcrole/2008/element-label" xlink:from="jenv-bw2_ManagingDirectorTypedMember_loc" xlink:to="jenv-bw2_ManagingDirectorTypedMember_label_en" xlink:type="arc" />
    <gen:arc xlink:arcrole="http://xbrl.org/arcrole/2008/element-label" xlink:from="jenv-bw2_ManagingOrSupervisoryDirectorOrRepresentativeTypedMember_loc" xlink:to="jenv-bw2_ManagingOrSupervisoryDirectorOrRepresentativeTypedMember_label_en" xlink:type="arc" />
    <gen:arc xlink:arcrole="http://xbrl.org/arcrole/2008/element-label" xlink:from="jenv-bw2_NameBeneficiarySpecialGoverningControlStructureTypedMember_loc" xlink:to="jenv-bw2_NameBeneficiarySpecialGoverningControlStructureTypedMember_label_en" xlink:type="arc" />
    <gen:arc xlink:arcrole="http://xbrl.org/arcrole/2008/element-label" xlink:from="jenv-bw2_NetRevenueGeographicTypedMember_loc" xlink:to="jenv-bw2_NetRevenueGeographicTypedMember_label_en" xlink:type="arc" />
    <gen:arc xlink:arcrole="http://xbrl.org/arcrole/2008/element-label" xlink:from="jenv-bw2_NetRevenueIndustryTypedMember_loc" xlink:to="jenv-bw2_NetRevenueIndustryTypedMember_label_en" xlink:type="arc" />
    <gen:arc xlink:arcrole="http://xbrl.org/arcrole/2008/element-label" xlink:from="jenv-bw2_ReceivablesOtherAffiliatedCompaniesCurrentTypedMember_loc" xlink:to="jenv-bw2_ReceivablesOtherAffiliatedCompaniesCurrentTypedMember_label_en" xlink:type="arc" />
    <gen:arc xlink:arcrole="http://xbrl.org/arcrole/2008/element-label" xlink:from="jenv-bw2_ReceivablesOtherTypedMember_loc" xlink:to="jenv-bw2_ReceivablesOtherTypedMember_label_en" xlink:type="arc" />
    <gen:arc xlink:arcrole="http://xbrl.org/arcrole/2008/element-label" xlink:from="jenv-bw2_RelatedPartyTransactionDetailsTypedMember_loc" xlink:to="jenv-bw2_RelatedPartyTransactionDetailsTypedMember_label_en" xlink:type="arc" />
    <gen:arc xlink:arcrole="http://xbrl.org/arcrole/2008/element-label" xlink:from="jenv-bw2_SegmentForAverageNumberEmployeesTypedMember_loc" xlink:to="jenv-bw2_SegmentForAverageNumberEmployeesTypedMember_label_en" xlink:type="arc" />
    <gen:arc xlink:arcrole="http://xbrl.org/arcrole/2008/element-label" xlink:from="jenv-bw2_ShareBasedPaymentsSpecificationTypedMember_loc" xlink:to="jenv-bw2_ShareBasedPaymentsSpecificationTypedMember_label_en" xlink:type="arc" />
    <gen:arc xlink:arcrole="http://xbrl.org/arcrole/2008/element-label" xlink:from="jenv-bw2_ShareCapitalEarningsPerShareTypedMember_loc" xlink:to="jenv-bw2_ShareCapitalEarningsPerShareTypedMember_label_en" xlink:type="arc" />
    <gen:arc xlink:arcrole="http://xbrl.org/arcrole/2008/element-label" xlink:from="jenv-bw2_ShareCapitalNumberOfSharesTypedMember_loc" xlink:to="jenv-bw2_ShareCapitalNumberOfSharesTypedMember_label_en" xlink:type="arc" />
    <gen:arc xlink:arcrole="http://xbrl.org/arcrole/2008/element-label" xlink:from="jenv-bw2_ShareCapitalTypedMember_loc" xlink:to="jenv-bw2_ShareCapitalTypedMember_label_en" xlink:type="arc" />
    <gen:arc xlink:arcrole="http://xbrl.org/arcrole/2008/element-label" xlink:from="jenv-bw2_SupervisoryDirectorTypedMember_loc" xlink:to="jenv-bw2_SupervisoryDirectorTypedMember_label_en" xlink:type="arc" />
    <label:label id="jenv-bw2_ReceivablesOtherAffiliatedCompaniesCurrentTypedMember_label_en" xlink:label="jenv-bw2_ReceivablesOtherAffiliatedCompaniesCurrentTypedMember_label_en" xlink:role="http://www.xbrl.org/2008/role/label" xlink:type="resource" xml:lang="en">Category of current receivables from other affiliated companies</label:label>
    <label:label id="jenv-bw2_DerivativeFinancialInstrumentTypedMember_label_en" xlink:label="jenv-bw2_DerivativeFinancialInstrumentTypedMember_label_en" xlink:role="http://www.xbrl.org/2008/role/label" xlink:type="resource" xml:lang="en">Category of derivative financial instrument</label:label>
    <label:label id="jenv-bw2_CategoryEmployeesManagerialPositionsTypedMember_label_en" xlink:label="jenv-bw2_CategoryEmployeesManagerialPositionsTypedMember_label_en" xlink:role="http://www.xbrl.org/2008/role/label" xlink:type="resource" xml:lang="en">Category of employees in managerial positions</label:label>
    <label:label id="jenv-bw2_FinancialInstrumentsHigherValueThanFairValueTypedMember_label_en" xlink:label="jenv-bw2_FinancialInstrumentsHigherValueThanFairValueTypedMember_label_en" xlink:role="http://www.xbrl.org/2008/role/label" xlink:type="resource" xml:lang="en">Category of financial instruments measured at higher value than fair value</label:label>
    <label:label id="jenv-bw2_FinancialInstrumentsCurrentValueTypedMember_label_en" xlink:label="jenv-bw2_FinancialInstrumentsCurrentValueTypedMember_label_en" xlink:role="http://www.xbrl.org/2008/role/label" xlink:type="resource" xml:lang="en">Category of financial instruments</label:label>
    <label:label id="jenv-bw2_LiabilitiesOtherTypedMember_label_en" xlink:label="jenv-bw2_LiabilitiesOtherTypedMember_label_en" xlink:role="http://www.xbrl.org/2008/role/label" xlink:type="resource" xml:lang="en">Category of other liabilities</label:label>
    <label:label id="jenv-bw2_ReceivablesOtherTypedMember_label_en" xlink:label="jenv-bw2_ReceivablesOtherTypedMember_label_en" xlink:role="http://www.xbrl.org/2008/role/label" xlink:type="resource" xml:lang="en">Category of other receivables</label:label>
    <label:label id="jenv-bw2_RelatedPartyTransactionDetailsTypedMember_label_en" xlink:label="jenv-bw2_RelatedPartyTransactionDetailsTypedMember_label_en" xlink:role="http://www.xbrl.org/2008/role/label" xlink:type="resource" xml:lang="en">Details of transactions with related parties</label:label>
    <label:label id="jenv-bw2_HedgeInstrumentTypedMember_label_en" xlink:label="jenv-bw2_HedgeInstrumentTypedMember_label_en" xlink:role="http://www.xbrl.org/2008/role/label" xlink:type="resource" xml:lang="en">Hedge instrument</label:label>
    <label:label id="jenv-bw2_LegalEntityTypedMember_label_en" xlink:label="jenv-bw2_LegalEntityTypedMember_label_en" xlink:role="http://www.xbrl.org/2008/role/label" xlink:type="resource" xml:lang="en">Legal entity</label:label>
    <label:label id="jenv-bw2_ManagingDirectorTypedMember_label_en" xlink:label="jenv-bw2_ManagingDirectorTypedMember_label_en" xlink:role="http://www.xbrl.org/2008/role/label" xlink:type="resource" xml:lang="en">Managing director</label:label>
    <label:label id="jenv-bw2_NameBeneficiarySpecialGoverningControlStructureTypedMember_label_en" xlink:label="jenv-bw2_NameBeneficiarySpecialGoverningControlStructureTypedMember_label_en" xlink:role="http://www.xbrl.org/2008/role/label" xlink:type="resource" xml:lang="en">Name of beneficiary of special governing control structure</label:label>
    <label:label id="jenv-bw2_ManagingOrSupervisoryDirectorOrRepresentativeTypedMember_label_en" xlink:label="jenv-bw2_ManagingOrSupervisoryDirectorOrRepresentativeTypedMember_label_en" xlink:role="http://www.xbrl.org/2008/role/label" xlink:type="resource" xml:lang="en">Name of managing, supervisory directors and representative</label:label>
    <label:label id="jenv-bw2_LegalEntityNamesParticipatingInterestsWithoutLegalPersonalityTypedMember_label_en" xlink:label="jenv-bw2_LegalEntityNamesParticipatingInterestsWithoutLegalPersonalityTypedMember_label_en" xlink:role="http://www.xbrl.org/2008/role/label" xlink:type="resource" xml:lang="en">Name of subsidiary without legal personality</label:label>
    <label:label id="jenv-bw2_NetRevenueGeographicTypedMember_label_en" xlink:label="jenv-bw2_NetRevenueGeographicTypedMember_label_en" xlink:role="http://www.xbrl.org/2008/role/label" xlink:type="resource" xml:lang="en">Net revenue, geography</label:label>
    <label:label id="jenv-bw2_NetRevenueIndustryTypedMember_label_en" xlink:label="jenv-bw2_NetRevenueIndustryTypedMember_label_en" xlink:role="http://www.xbrl.org/2008/role/label" xlink:type="resource" xml:lang="en">Net revenue, industry</label:label>
    <label:label id="jenv-bw2_SegmentForAverageNumberEmployeesTypedMember_label_en" xlink:label="jenv-bw2_SegmentForAverageNumberEmployeesTypedMember_label_en" xlink:role="http://www.xbrl.org/2008/role/label" xlink:type="resource" xml:lang="en">Segment for average number of employees during the period</label:label>
    <label:label id="jenv-bw2_ShareCapitalNumberOfSharesTypedMember_label_en" xlink:label="jenv-bw2_ShareCapitalNumberOfSharesTypedMember_label_en" xlink:role="http://www.xbrl.org/2008/role/label" xlink:type="resource" xml:lang="en">Share capital (number of shares)</label:label>
    <label:label id="jenv-bw2_ShareCapitalEarningsPerShareTypedMember_label_en" xlink:label="jenv-bw2_ShareCapitalEarningsPerShareTypedMember_label_en" xlink:role="http://www.xbrl.org/2008/role/label" xlink:type="resource" xml:lang="en">Share capital earnings per share</label:label>
    <label:label id="jenv-bw2_ShareCapitalTypedMember_label_en" xlink:label="jenv-bw2_ShareCapitalTypedMember_label_en" xlink:role="http://www.xbrl.org/2008/role/label" xlink:type="resource" xml:lang="en">Share capital</label:label>
    <label:label id="jenv-bw2_ShareBasedPaymentsSpecificationTypedMember_label_en" xlink:label="jenv-bw2_ShareBasedPaymentsSpecificationTypedMember_label_en" xlink:role="http://www.xbrl.org/2008/role/label" xlink:type="resource" xml:lang="en">Specification for share based payments</label:label>
    <label:label id="jenv-bw2_SupervisoryDirectorTypedMember_label_en" xlink:label="jenv-bw2_SupervisoryDirectorTypedMember_label_en" xlink:role="http://www.xbrl.org/2008/role/label" xlink:type="resource" xml:lang="en">Supervisory director</label:label>
    <link:loc xlink:href="jenv-bw2_cor.xsd#jenv-bw2_CategoryEmployeesManagerialPositionsTypedMember" xlink:label="jenv-bw2_CategoryEmployeesManagerialPositionsTypedMember_loc" xlink:type="locator" />
    <link:loc xlink:href="jenv-bw2_cor.xsd#jenv-bw2_DerivativeFinancialInstrumentTypedMember" xlink:label="jenv-bw2_DerivativeFinancialInstrumentTypedMember_loc" xlink:type="locator" />
    <link:loc xlink:href="jenv-bw2_cor.xsd#jenv-bw2_FinancialInstrumentsCurrentValueTypedMember" xlink:label="jenv-bw2_FinancialInstrumentsCurrentValueTypedMember_loc" xlink:type="locator" />
    <link:loc xlink:href="jenv-bw2_cor.xsd#jenv-bw2_FinancialInstrumentsHigherValueThanFairValueTypedMember" xlink:label="jenv-bw2_FinancialInstrumentsHigherValueThanFairValueTypedMember_loc" xlink:type="locator" />
    <link:loc xlink:href="jenv-bw2_cor.xsd#jenv-bw2_HedgeInstrumentTypedMember" xlink:label="jenv-bw2_HedgeInstrumentTypedMember_loc" xlink:type="locator" />
    <link:loc xlink:href="jenv-bw2_cor.xsd#jenv-bw2_LegalEntityNamesParticipatingInterestsWithoutLegalPersonalityTypedMember" xlink:label="jenv-bw2_LegalEntityNamesParticipatingInterestsWithoutLegalPersonalityTypedMember_loc" xlink:type="locator" />
    <link:loc xlink:href="jenv-bw2_cor.xsd#jenv-bw2_LegalEntityTypedMember" xlink:label="jenv-bw2_LegalEntityTypedMember_loc" xlink:type="locator" />
    <link:loc xlink:href="jenv-bw2_cor.xsd#jenv-bw2_LiabilitiesOtherTypedMember" xlink:label="jenv-bw2_LiabilitiesOtherTypedMember_loc" xlink:type="locator" />
    <link:loc xlink:href="jenv-bw2_cor.xsd#jenv-bw2_ManagingDirectorTypedMember" xlink:label="jenv-bw2_ManagingDirectorTypedMember_loc" xlink:type="locator" />
    <link:loc xlink:href="jenv-bw2_cor.xsd#jenv-bw2_ManagingOrSupervisoryDirectorOrRepresentativeTypedMember" xlink:label="jenv-bw2_ManagingOrSupervisoryDirectorOrRepresentativeTypedMember_loc" xlink:type="locator" />
    <link:loc xlink:href="jenv-bw2_cor.xsd#jenv-bw2_NameBeneficiarySpecialGoverningControlStructureTypedMember" xlink:label="jenv-bw2_NameBeneficiarySpecialGoverningControlStructureTypedMember_loc" xlink:type="locator" />
    <link:loc xlink:href="jenv-bw2_cor.xsd#jenv-bw2_NetRevenueGeographicTypedMember" xlink:label="jenv-bw2_NetRevenueGeographicTypedMember_loc" xlink:type="locator" />
    <link:loc xlink:href="jenv-bw2_cor.xsd#jenv-bw2_NetRevenueIndustryTypedMember" xlink:label="jenv-bw2_NetRevenueIndustryTypedMember_loc" xlink:type="locator" />
    <link:loc xlink:href="jenv-bw2_cor.xsd#jenv-bw2_ReceivablesOtherAffiliatedCompaniesCurrentTypedMember" xlink:label="jenv-bw2_ReceivablesOtherAffiliatedCompaniesCurrentTypedMember_loc" xlink:type="locator" />
    <link:loc xlink:href="jenv-bw2_cor.xsd#jenv-bw2_ReceivablesOtherTypedMember" xlink:label="jenv-bw2_ReceivablesOtherTypedMember_loc" xlink:type="locator" />
    <link:loc xlink:href="jenv-bw2_cor.xsd#jenv-bw2_RelatedPartyTransactionDetailsTypedMember" xlink:label="jenv-bw2_RelatedPartyTransactionDetailsTypedMember_loc" xlink:type="locator" />
    <link:loc xlink:href="jenv-bw2_cor.xsd#jenv-bw2_SegmentForAverageNumberEmployeesTypedMember" xlink:label="jenv-bw2_SegmentForAverageNumberEmployeesTypedMember_loc" xlink:type="locator" />
    <link:loc xlink:href="jenv-bw2_cor.xsd#jenv-bw2_ShareBasedPaymentsSpecificationTypedMember" xlink:label="jenv-bw2_ShareBasedPaymentsSpecificationTypedMember_loc" xlink:type="locator" />
    <link:loc xlink:href="jenv-bw2_cor.xsd#jenv-bw2_ShareCapitalEarningsPerShareTypedMember" xlink:label="jenv-bw2_ShareCapitalEarningsPerShareTypedMember_loc" xlink:type="locator" />
    <link:loc xlink:href="jenv-bw2_cor.xsd#jenv-bw2_ShareCapitalNumberOfSharesTypedMember" xlink:label="jenv-bw2_ShareCapitalNumberOfSharesTypedMember_loc" xlink:type="locator" />
    <link:loc xlink:href="jenv-bw2_cor.xsd#jenv-bw2_ShareCapitalTypedMember" xlink:label="jenv-bw2_ShareCapitalTypedMember_loc" xlink:type="locator" />
    <link:loc xlink:href="jenv-bw2_cor.xsd#jenv-bw2_SupervisoryDirectorTypedMember" xlink:label="jenv-bw2_SupervisoryDirectorTypedMember_loc" xlink:type="locator" />
    <!-- end of typed domains -->
  </gen:link>
</link:linkbase>