<?xml version="1.0" encoding="UTF-8" standalone="yes"?>
<link:linkbase xmlns:link="http://www.xbrl.org/2003/linkbase" xmlns:xlink="http://www.w3.org/1999/xlink" xmlns:gen="http://xbrl.org/2008/generic" xmlns:ref="http://www.xbrl.org/2006/ref" xmlns:reference="http://xbrl.org/2008/reference" xmlns:xsi="http://www.w3.org/2001/XMLSchema-instance" xsi:schemaLocation="http://www.xbrl.org/2003/linkbase http://www.xbrl.org/2003/xbrl-linkbase-2003-12-31.xsd http://www.w3.org/1999/xlink http://www.xbrl.org/2003/xlink-2003-12-31.xsd http://www.xbrl.org/2006/ref http://www.xbrl.org/2006/ref-2006-02-27.xsd http://xbrl.org/2008/generic http://www.xbrl.org/2008/generic-link.xsd http://xbrl.org/2008/reference http://www.xbrl.org/2008/generic-reference.xsd http://xbrl.org/2008/generic http://www.xbrl.org/2008/generic-link.xsd">
  <link:roleRef roleURI="http://www.xbrl.org/2008/role/reference" xlink:href="http://www.xbrl.org/2008/generic-reference.xsd#standard-reference" xlink:type="simple"/>
  <link:roleRef roleURI="http://www.xbrl.org/2008/role/link" xlink:href="http://www.xbrl.org/2008/generic-link.xsd#standard-link-role" xlink:type="simple" />
  <link:arcroleRef arcroleURI="http://xbrl.org/arcrole/2008/element-reference" xlink:href="http://www.xbrl.org/2008/generic-reference.xsd#element-reference" xlink:type="simple"/>
  <gen:link xlink:role="http://www.xbrl.org/2008/role/link" xlink:type="extended">
    <gen:arc xlink:arcrole="http://xbrl.org/arcrole/2008/element-reference" xlink:from="jenv-bw2_FinancialInstrumentsCurrentValueTypedMember_loc" xlink:to="jenv-bw2_BW2_2021-01-01_381a_B_ref" xlink:type="arc"/>
    <gen:arc xlink:arcrole="http://xbrl.org/arcrole/2008/element-reference" xlink:from="jenv-bw2_FinancialInstrumentsCurrentValueTypedMember_loc" xlink:to="jenv-bw2_BW2_2021-01-01_381b_A_ref" xlink:type="arc"/>
    <gen:arc xlink:arcrole="http://xbrl.org/arcrole/2008/element-reference" xlink:from="jenv-bw2_FinancialInstrumentsCurrentValueTypedMember_loc" xlink:to="jenv-bw2_BW2_2021-01-01_381b_B_ref" xlink:type="arc"/>
    <gen:arc xlink:arcrole="http://xbrl.org/arcrole/2008/element-reference" xlink:from="jenv-bw2_LegalEntityTypedMember_loc" xlink:to="jenv-bw2_BW2_2021-01-01_379_1_ref" xlink:type="arc"/>
    <gen:arc xlink:arcrole="http://xbrl.org/arcrole/2008/element-reference" xlink:from="jenv-bw2_LegalEntityTypedMember_loc" xlink:to="jenv-bw2_BW2_2021-01-01_379_3_ref" xlink:type="arc"/>
    <gen:arc xlink:arcrole="http://xbrl.org/arcrole/2008/element-reference" xlink:from="jenv-bw2_LiabilitiesOtherTypedMember_loc" xlink:to="jenv-bw2_RJ_2021-01-01_610_106_ref" xlink:type="arc"/>
    <gen:arc xlink:arcrole="http://xbrl.org/arcrole/2008/element-reference" xlink:from="jenv-bw2_ManagingDirectorTypedMember_loc" xlink:to="jenv-bw2_BW2_2021-01-01_383d_ref" xlink:type="arc"/>
    <gen:arc xlink:arcrole="http://xbrl.org/arcrole/2008/element-reference" xlink:from="jenv-bw2_ManagingOrSupervisoryDirectorOrRepresentativeTypedMember_loc" xlink:to="jenv-bw2_BMJ_2015-11-01_15_ref" xlink:type="arc"/>
    <gen:arc xlink:arcrole="http://xbrl.org/arcrole/2008/element-reference" xlink:from="jenv-bw2_ManagingOrSupervisoryDirectorOrRepresentativeTypedMember_loc" xlink:to="jenv-bw2_BW2_2021-01-01_101_2_ref" xlink:type="arc"/>
    <gen:arc xlink:arcrole="http://xbrl.org/arcrole/2008/element-reference" xlink:from="jenv-bw2_ManagingOrSupervisoryDirectorOrRepresentativeTypedMember_loc" xlink:to="jenv-bw2_BW2_2021-01-01_210_2_ref" xlink:type="arc"/>
    <gen:arc xlink:arcrole="http://xbrl.org/arcrole/2008/element-reference" xlink:from="jenv-bw2_ReceivablesOtherAffiliatedCompaniesCurrentTypedMember_loc" xlink:to="jenv-bw2_RJ_2021-01-01_115_214_ref" xlink:type="arc"/>
    <gen:arc xlink:arcrole="http://xbrl.org/arcrole/2008/element-reference" xlink:from="jenv-bw2_RelatedPartyTransactionDetailsTypedMember_loc" xlink:to="jenv-bw2_BW2_2021-01-01_381_3_ref" xlink:type="arc"/>
    <gen:arc xlink:arcrole="http://xbrl.org/arcrole/2008/element-reference" xlink:from="jenv-bw2_SupervisoryDirectorTypedMember_loc" xlink:to="jenv-bw2_BW2_2021-01-01_383d_ref" xlink:type="arc"/>
    <link:loc xlink:href="jenv-bw2_cor.xsd#jenv-bw2_FinancialInstrumentsCurrentValueTypedMember" xlink:label="jenv-bw2_FinancialInstrumentsCurrentValueTypedMember_loc" xlink:type="locator"/>
    <link:loc xlink:href="jenv-bw2_cor.xsd#jenv-bw2_LegalEntityTypedMember" xlink:label="jenv-bw2_LegalEntityTypedMember_loc" xlink:type="locator"/>
    <link:loc xlink:href="jenv-bw2_cor.xsd#jenv-bw2_LiabilitiesOtherTypedMember" xlink:label="jenv-bw2_LiabilitiesOtherTypedMember_loc" xlink:type="locator"/>
    <link:loc xlink:href="jenv-bw2_cor.xsd#jenv-bw2_ManagingDirectorTypedMember" xlink:label="jenv-bw2_ManagingDirectorTypedMember_loc" xlink:type="locator"/>
    <link:loc xlink:href="jenv-bw2_cor.xsd#jenv-bw2_ManagingOrSupervisoryDirectorOrRepresentativeTypedMember" xlink:label="jenv-bw2_ManagingOrSupervisoryDirectorOrRepresentativeTypedMember_loc" xlink:type="locator"/>
    <link:loc xlink:href="jenv-bw2_cor.xsd#jenv-bw2_ReceivablesOtherAffiliatedCompaniesCurrentTypedMember" xlink:label="jenv-bw2_ReceivablesOtherAffiliatedCompaniesCurrentTypedMember_loc" xlink:type="locator"/>
    <link:loc xlink:href="jenv-bw2_cor.xsd#jenv-bw2_RelatedPartyTransactionDetailsTypedMember" xlink:label="jenv-bw2_RelatedPartyTransactionDetailsTypedMember_loc" xlink:type="locator"/>
    <link:loc xlink:href="jenv-bw2_cor.xsd#jenv-bw2_SupervisoryDirectorTypedMember" xlink:label="jenv-bw2_SupervisoryDirectorTypedMember_loc" xlink:type="locator"/>
    <reference:reference id="jenv-bw2_BMJ_2015-11-01_15_ref" xlink:label="jenv-bw2_BMJ_2015-11-01_15_ref" xlink:role="http://www.xbrl.org/2008/role/reference" xlink:type="resource">
      <ref:Article>15</ref:Article>
      <ref:IssueDate>2015-11-01</ref:IssueDate>
      <ref:Name>Besluit modellen jaarrekening</ref:Name>
    </reference:reference>
    <reference:reference id="jenv-bw2_BW2_2021-01-01_101_2_ref" xlink:label="jenv-bw2_BW2_2021-01-01_101_2_ref" xlink:role="http://www.xbrl.org/2008/role/reference" xlink:type="resource">
      <ref:Article>101</ref:Article>
      <ref:IssueDate>2021-01-01</ref:IssueDate>
      <ref:Name>Burgerlijk wetboek boek 2</ref:Name>
      <ref:Paragraph>2</ref:Paragraph>
    </reference:reference>
    <reference:reference id="jenv-bw2_BW2_2021-01-01_210_2_ref" xlink:label="jenv-bw2_BW2_2021-01-01_210_2_ref" xlink:role="http://www.xbrl.org/2008/role/reference" xlink:type="resource">
      <ref:Article>210</ref:Article>
      <ref:IssueDate>2021-01-01</ref:IssueDate>
      <ref:Name>Burgerlijk wetboek boek 2</ref:Name>
      <ref:Paragraph>2</ref:Paragraph>
    </reference:reference>
    <reference:reference id="jenv-bw2_BW2_2021-01-01_379_1_ref" xlink:label="jenv-bw2_BW2_2021-01-01_379_1_ref" xlink:role="http://www.xbrl.org/2008/role/reference" xlink:type="resource">
      <ref:Article>379</ref:Article>
      <ref:IssueDate>2021-01-01</ref:IssueDate>
      <ref:Name>Burgerlijk wetboek boek 2</ref:Name>
      <ref:Paragraph>1</ref:Paragraph>
    </reference:reference>
    <reference:reference id="jenv-bw2_BW2_2021-01-01_379_3_ref" xlink:label="jenv-bw2_BW2_2021-01-01_379_3_ref" xlink:role="http://www.xbrl.org/2008/role/reference" xlink:type="resource">
      <ref:Article>379</ref:Article>
      <ref:IssueDate>2021-01-01</ref:IssueDate>
      <ref:Name>Burgerlijk wetboek boek 2</ref:Name>
      <ref:Paragraph>3</ref:Paragraph>
    </reference:reference>
    <reference:reference id="jenv-bw2_BW2_2021-01-01_381_3_ref" xlink:label="jenv-bw2_BW2_2021-01-01_381_3_ref" xlink:role="http://www.xbrl.org/2008/role/reference" xlink:type="resource">
      <ref:Article>381</ref:Article>
      <ref:IssueDate>2021-01-01</ref:IssueDate>
      <ref:Name>Burgerlijk wetboek boek 2</ref:Name>
      <ref:Paragraph>3</ref:Paragraph>
    </reference:reference>
    <reference:reference id="jenv-bw2_BW2_2021-01-01_381a_B_ref" xlink:label="jenv-bw2_BW2_2021-01-01_381a_B_ref" xlink:role="http://www.xbrl.org/2008/role/reference" xlink:type="resource">
      <ref:Article>381a</ref:Article>
      <ref:IssueDate>2021-01-01</ref:IssueDate>
      <ref:Name>Burgerlijk wetboek boek 2</ref:Name>
      <ref:Paragraph>b</ref:Paragraph>
    </reference:reference>
    <reference:reference id="jenv-bw2_BW2_2021-01-01_381b_A_ref" xlink:label="jenv-bw2_BW2_2021-01-01_381b_A_ref" xlink:role="http://www.xbrl.org/2008/role/reference" xlink:type="resource">
      <ref:Article>381b</ref:Article>
      <ref:IssueDate>2021-01-01</ref:IssueDate>
      <ref:Name>Burgerlijk wetboek boek 2</ref:Name>
      <ref:Paragraph>a</ref:Paragraph>
    </reference:reference>
    <reference:reference id="jenv-bw2_BW2_2021-01-01_381b_B_ref" xlink:label="jenv-bw2_BW2_2021-01-01_381b_B_ref" xlink:role="http://www.xbrl.org/2008/role/reference" xlink:type="resource">
      <ref:Article>381b</ref:Article>
      <ref:IssueDate>2021-01-01</ref:IssueDate>
      <ref:Name>Burgerlijk wetboek boek 2</ref:Name>
      <ref:Paragraph>b</ref:Paragraph>
    </reference:reference>
    <reference:reference id="jenv-bw2_BW2_2021-01-01_383d_ref" xlink:label="jenv-bw2_BW2_2021-01-01_383d_ref" xlink:role="http://www.xbrl.org/2008/role/reference" xlink:type="resource">
      <ref:Article>383d</ref:Article>
      <ref:IssueDate>2021-01-01</ref:IssueDate>
      <ref:Name>Burgerlijk wetboek boek 2</ref:Name>
    </reference:reference>
    <reference:reference id="jenv-bw2_RJ_2021-01-01_115_214_ref" xlink:label="jenv-bw2_RJ_2021-01-01_115_214_ref" xlink:role="http://www.xbrl.org/2008/role/reference" xlink:type="resource">
      <ref:Chapter>115</ref:Chapter>
      <ref:IssueDate>2021-01-01</ref:IssueDate>
      <ref:Name>Richtlijnen voor de jaarverslaggeving</ref:Name>
      <ref:Paragraph>214</ref:Paragraph>
    </reference:reference>
    <reference:reference id="jenv-bw2_RJ_2021-01-01_610_106_ref" xlink:label="jenv-bw2_RJ_2021-01-01_610_106_ref" xlink:role="http://www.xbrl.org/2008/role/reference" xlink:type="resource">
      <ref:Chapter>610</ref:Chapter>
      <ref:IssueDate>2021-01-01</ref:IssueDate>
      <ref:Name>Richtlijnen voor de jaarverslaggeving</ref:Name>
      <ref:Paragraph>106</ref:Paragraph>
    </reference:reference>
  </gen:link>
</link:linkbase>