<?xml version="1.0" encoding="UTF-8"?>
<link:linkbase xmlns:xsi="http://www.w3.org/2001/XMLSchema-instance" xsi:schemaLocation="http://www.xbrl.org/2003/linkbase http://www.xbrl.org/2003/xbrl-linkbase-2003-12-31.xsd http://www.w3.org/1999/xlink http://www.xbrl.org/2003/xlink-2003-12-31.xsd http://xbrl.org/2008/label http://www.xbrl.org/2008/generic-label.xsd http://xbrl.org/2008/generic http://www.xbrl.org/2008/generic-link.xsd" xmlns:gen="http://xbrl.org/2008/generic" xmlns:link="http://www.xbrl.org/2003/linkbase" xmlns:label="http://xbrl.org/2008/label" xmlns:xlink="http://www.w3.org/1999/xlink">
  <link:roleRef roleURI="http://www.xbrl.org/2008/role/label" xlink:type="simple" xlink:href="http://www.xbrl.org/2008/generic-label.xsd#standard-label"/>
  <link:roleRef roleURI="http://www.xbrl.org/2008/role/link" xlink:type="simple" xlink:href="http://www.xbrl.org/2008/generic-link.xsd#standard-link-role"/>
  <link:arcroleRef arcroleURI="http://xbrl.org/arcrole/2008/element-label" xlink:type="simple" xlink:href="http://www.xbrl.org/2008/generic-label.xsd#element-label"/>
  <gen:link xlink:type="extended" xlink:role="http://www.xbrl.org/2008/role/link">
    <link:loc xlink:type="locator" xlink:href="kvk_cor.xsd#kvk_LegalFormEE" xlink:label="kvk_LegalFormEE_loc"/>
    <label:label xlink:type="resource" xlink:label="kvk_LegalFormEE_label_en" xlink:role="http://www.xbrl.org/2008/role/label" xml:lang="en" id="kvk_LegalFormEE_label_en">Legal form</label:label>
    <gen:arc xlink:type="arc" xlink:arcrole="http://xbrl.org/arcrole/2008/element-label" xlink:from="kvk_LegalFormEE_loc" xlink:to="kvk_LegalFormEE_label_en"/>
    <link:loc xlink:type="locator" xlink:href="kvk_cor.xsd#kvk_LegalSizeCriteriaClassificationMicroEE" xlink:label="kvk_LegalSizeCriteriaClassificationMicroEE_loc"/>
    <label:label xlink:type="resource" xlink:label="kvk_LegalSizeCriteriaClassificationMicroEE_label_en" xlink:role="http://www.xbrl.org/2008/role/label" xml:lang="en" id="kvk_LegalSizeCriteriaClassificationMicroEE_label_en">Legal size criteria</label:label>
    <gen:arc xlink:type="arc" xlink:arcrole="http://xbrl.org/arcrole/2008/element-label" xlink:from="kvk_LegalSizeCriteriaClassificationMicroEE_loc" xlink:to="kvk_LegalSizeCriteriaClassificationMicroEE_label_en"/>
    <link:loc xlink:type="locator" xlink:href="kvk_cor.xsd#kvk_LegalSizeCriteriaClassificationSmallEE" xlink:label="kvk_LegalSizeCriteriaClassificationSmallEE_loc"/>
    <label:label xlink:type="resource" xlink:label="kvk_LegalSizeCriteriaClassificationSmallEE_label_en" xlink:role="http://www.xbrl.org/2008/role/label" xml:lang="en" id="kvk_LegalSizeCriteriaClassificationSmallEE_label_en">Legal size criteria</label:label>
    <gen:arc xlink:type="arc" xlink:arcrole="http://xbrl.org/arcrole/2008/element-label" xlink:from="kvk_LegalSizeCriteriaClassificationSmallEE_loc" xlink:to="kvk_LegalSizeCriteriaClassificationSmallEE_label_en"/>
    <link:loc xlink:type="locator" xlink:href="kvk_cor.xsd#kvk_LegalSizeCriteriaClassificationMediumEE" xlink:label="kvk_LegalSizeCriteriaClassificationMediumEE_loc"/>
    <label:label xlink:type="resource" xlink:label="kvk_LegalSizeCriteriaClassificationMediumEE_label_en" xlink:role="http://www.xbrl.org/2008/role/label" xml:lang="en" id="kvk_LegalSizeCriteriaClassificationMediumEE_label_en">Legal size criteria</label:label>
    <gen:arc xlink:type="arc" xlink:arcrole="http://xbrl.org/arcrole/2008/element-label" xlink:from="kvk_LegalSizeCriteriaClassificationMediumEE_loc" xlink:to="kvk_LegalSizeCriteriaClassificationMediumEE_label_en"/>
    <link:loc xlink:type="locator" xlink:href="kvk_cor.xsd#kvk_LegalSizeCriteriaClassificationLargeEE" xlink:label="kvk_LegalSizeCriteriaClassificationLargeEE_loc"/>
    <label:label xlink:type="resource" xlink:label="kvk_LegalSizeCriteriaClassificationLargeEE_label_en" xlink:role="http://www.xbrl.org/2008/role/label" xml:lang="en" id="kvk_LegalSizeCriteriaClassificationLargeEE_label_en">Legal size criteria</label:label>
    <gen:arc xlink:type="arc" xlink:arcrole="http://xbrl.org/arcrole/2008/element-label" xlink:from="kvk_LegalSizeCriteriaClassificationLargeEE_loc" xlink:to="kvk_LegalSizeCriteriaClassificationLargeEE_label_en"/>
    <link:loc xlink:type="locator" xlink:href="kvk_cor.xsd#kvk_IncomeStatementClassificationEE" xlink:label="kvk_IncomeStatementClassificationEE_loc"/>
    <label:label xlink:type="resource" xlink:label="kvk_IncomeStatementClassificationEE_label_en" xlink:role="http://www.xbrl.org/2008/role/label" xml:lang="en" id="kvk_IncomeStatementClassificationEE_label_en">Classification income statement</label:label>
    <gen:arc xlink:type="arc" xlink:arcrole="http://xbrl.org/arcrole/2008/element-label" xlink:from="kvk_IncomeStatementClassificationEE_loc" xlink:to="kvk_IncomeStatementClassificationEE_label_en"/>
    <link:loc xlink:type="locator" xlink:href="kvk_cor.xsd#kvk_CashFlowStatementMethodEE" xlink:label="kvk_CashFlowStatementMethodEE_loc"/>
    <label:label xlink:type="resource" xlink:label="kvk_CashFlowStatementMethodEE_label_en" xlink:role="http://www.xbrl.org/2008/role/label" xml:lang="en" id="kvk_CashFlowStatementMethodEE_label_en">Method cash flow statement</label:label>
    <gen:arc xlink:type="arc" xlink:arcrole="http://xbrl.org/arcrole/2008/element-label" xlink:from="kvk_CashFlowStatementMethodEE_loc" xlink:to="kvk_CashFlowStatementMethodEE_label_en"/>
  </gen:link>
</link:linkbase>
