<?xml version="1.0" encoding="UTF-8"?>
<link:linkbase xmlns:xsi="http://www.w3.org/2001/XMLSchema-instance" xsi:schemaLocation="http://www.xbrl.org/2003/linkbase http://www.xbrl.org/2003/xbrl-linkbase-2003-12-31.xsd http://www.w3.org/1999/xlink http://www.xbrl.org/2003/xlink-2003-12-31.xsd" xmlns:link="http://www.xbrl.org/2003/linkbase" xmlns:xbrldt="http://xbrl.org/2005/xbrldt" xmlns:xlink="http://www.w3.org/1999/xlink">
  <link:roleRef roleURI="https://www.nltaxonomie.nl/kvk/taxonomy/2025-01-01/kvk/legal-form-ee" xlink:type="simple" xlink:href="kvk_cor.xsd#kvk_LegalFormEE"/>
  <link:roleRef roleURI="https://www.nltaxonomie.nl/kvk/taxonomy/2025-01-01/kvk/legal-size-criteria-classification-micro-ee" xlink:type="simple" xlink:href="kvk_cor.xsd#kvk_LegalSizeCriteriaClassificationMicroEE"/>
  <link:roleRef roleURI="https://www.nltaxonomie.nl/kvk/taxonomy/2025-01-01/kvk/legal-size-criteria-classification-small-ee" xlink:type="simple" xlink:href="kvk_cor.xsd#kvk_LegalSizeCriteriaClassificationSmallEE"/>
  <link:roleRef roleURI="https://www.nltaxonomie.nl/kvk/taxonomy/2025-01-01/kvk/legal-size-criteria-classification-medium-ee" xlink:type="simple" xlink:href="kvk_cor.xsd#kvk_LegalSizeCriteriaClassificationMediumEE"/>
  <link:roleRef roleURI="https://www.nltaxonomie.nl/kvk/taxonomy/2025-01-01/kvk/legal-size-criteria-classification-large-ee" xlink:type="simple" xlink:href="kvk_cor.xsd#kvk_LegalSizeCriteriaClassificationLargeEE"/>
  <link:roleRef roleURI="https://www.nltaxonomie.nl/kvk/taxonomy/2025-01-01/kvk/income-statement-classification-ee" xlink:type="simple" xlink:href="kvk_cor.xsd#kvk_IncomeStatementClassificationEE"/>
  <link:roleRef roleURI="https://www.nltaxonomie.nl/kvk/taxonomy/2025-01-01/kvk/cash-flow-statement-method-ee" xlink:type="simple" xlink:href="kvk_cor.xsd#kvk_CashFlowStatementMethodEE"/>
  <link:arcroleRef arcroleURI="http://xbrl.org/int/dim/arcrole/domain-member" xlink:type="simple" xlink:href="http://www.xbrl.org/2005/xbrldt-2005.xsd#domain-member"/>
  <link:definitionLink xlink:type="extended" xlink:role="https://www.nltaxonomie.nl/kvk/taxonomy/2025-01-01/kvk/legal-form-ee">
    <link:loc xlink:type="locator" xlink:href="https://www.nltaxonomie.nl/jenv/taxonomy/2025-01-01/jenv-bw2_cor.xsd#jenv-bw2_LegalFormDomain" xlink:label="loc_1"/>
    <link:loc xlink:type="locator" xlink:href="https://www.nltaxonomie.nl/jenv/taxonomy/2025-01-01/jenv-bw2_cor.xsd#jenv-bw2_PrivateLimitedLiabilityCompany" xlink:label="loc_2"/>
    <link:definitionArc xlink:type="arc" xlink:arcrole="http://xbrl.org/int/dim/arcrole/domain-member" xlink:from="loc_1" xlink:to="loc_2" xbrldt:usable="true"/>
    <link:loc xlink:type="locator" xlink:href="https://www.nltaxonomie.nl/jenv/taxonomy/2025-01-01/jenv-bw2_cor.xsd#jenv-bw2_LimitedPartnership" xlink:label="loc_3"/>
    <link:definitionArc xlink:type="arc" xlink:arcrole="http://xbrl.org/int/dim/arcrole/domain-member" xlink:from="loc_1" xlink:to="loc_3" xbrldt:usable="true"/>
    <link:loc xlink:type="locator" xlink:href="https://www.nltaxonomie.nl/jenv/taxonomy/2025-01-01/jenv-bw2_cor.xsd#jenv-bw2_Cooperative" xlink:label="loc_4"/>
    <link:definitionArc xlink:type="arc" xlink:arcrole="http://xbrl.org/int/dim/arcrole/domain-member" xlink:from="loc_1" xlink:to="loc_4" xbrldt:usable="true"/>
    <link:loc xlink:type="locator" xlink:href="https://www.nltaxonomie.nl/jenv/taxonomy/2025-01-01/jenv-bw2_cor.xsd#jenv-bw2_PublicLimitedLiabilityCompany" xlink:label="loc_5"/>
    <link:definitionArc xlink:type="arc" xlink:arcrole="http://xbrl.org/int/dim/arcrole/domain-member" xlink:from="loc_1" xlink:to="loc_5" xbrldt:usable="true"/>
    <link:loc xlink:type="locator" xlink:href="https://www.nltaxonomie.nl/jenv/taxonomy/2025-01-01/jenv-bw2_cor.xsd#jenv-bw2_MutualInsuranceCompany" xlink:label="loc_6"/>
    <link:definitionArc xlink:type="arc" xlink:arcrole="http://xbrl.org/int/dim/arcrole/domain-member" xlink:from="loc_1" xlink:to="loc_6" xbrldt:usable="true"/>
    <link:loc xlink:type="locator" xlink:href="https://www.nltaxonomie.nl/jenv/taxonomy/2025-01-01/jenv-bw2_cor.xsd#jenv-bw2_Foundation" xlink:label="loc_7"/>
    <link:definitionArc xlink:type="arc" xlink:arcrole="http://xbrl.org/int/dim/arcrole/domain-member" xlink:from="loc_1" xlink:to="loc_7" xbrldt:usable="true"/>
    <link:loc xlink:type="locator" xlink:href="https://www.nltaxonomie.nl/jenv/taxonomy/2025-01-01/jenv-bw2_cor.xsd#jenv-bw2_Association" xlink:label="loc_8"/>
    <link:definitionArc xlink:type="arc" xlink:arcrole="http://xbrl.org/int/dim/arcrole/domain-member" xlink:from="loc_1" xlink:to="loc_8" xbrldt:usable="true"/>
    <link:loc xlink:type="locator" xlink:href="kvk_cor.xsd#kvk_ForeignLegalForm" xlink:label="loc_9"/>
    <link:definitionArc xlink:type="arc" xlink:arcrole="http://xbrl.org/int/dim/arcrole/domain-member" xlink:from="loc_1" xlink:to="loc_9" xbrldt:usable="true"/>
    <link:loc xlink:type="locator" xlink:href="kvk_cor.xsd#kvk_ChurchDenomination" xlink:label="loc_10"/>
    <link:definitionArc xlink:type="arc" xlink:arcrole="http://xbrl.org/int/dim/arcrole/domain-member" xlink:from="loc_1" xlink:to="loc_10" xbrldt:usable="true"/>
    <link:loc xlink:type="locator" xlink:href="kvk_cor.xsd#kvk_LegalEntityGovernedByPublicLaw" xlink:label="loc_11"/>
    <link:definitionArc xlink:type="arc" xlink:arcrole="http://xbrl.org/int/dim/arcrole/domain-member" xlink:from="loc_1" xlink:to="loc_11" xbrldt:usable="true"/>
    <link:loc xlink:type="locator" xlink:href="kvk_cor.xsd#kvk_OwnersAssociation" xlink:label="loc_12"/>
    <link:definitionArc xlink:type="arc" xlink:arcrole="http://xbrl.org/int/dim/arcrole/domain-member" xlink:from="loc_1" xlink:to="loc_12" xbrldt:usable="true"/>
  </link:definitionLink>
  <link:definitionLink xlink:type="extended" xlink:role="https://www.nltaxonomie.nl/kvk/taxonomy/2025-01-01/kvk/legal-size-criteria-classification-large-ee">
    <link:loc xlink:type="locator" xlink:href="kvk_cor.xsd#kvk_LegalSizeCriteriaClassificationDomain" xlink:label="loc_1"/>
    <link:loc xlink:type="locator" xlink:href="kvk_cor.xsd#kvk_LegalSizeMicro" xlink:label="loc_2"/>
    <link:definitionArc xlink:type="arc" xlink:arcrole="http://xbrl.org/int/dim/arcrole/domain-member" xlink:from="loc_1" xlink:to="loc_2" xbrldt:usable="true"/>
    <link:loc xlink:type="locator" xlink:href="kvk_cor.xsd#kvk_LegalSizeSmall" xlink:label="loc_3"/>
    <link:definitionArc xlink:type="arc" xlink:arcrole="http://xbrl.org/int/dim/arcrole/domain-member" xlink:from="loc_1" xlink:to="loc_3" xbrldt:usable="true"/>
    <link:loc xlink:type="locator" xlink:href="kvk_cor.xsd#kvk_LegalSizeMedium" xlink:label="loc_4"/>
    <link:definitionArc xlink:type="arc" xlink:arcrole="http://xbrl.org/int/dim/arcrole/domain-member" xlink:from="loc_1" xlink:to="loc_4" xbrldt:usable="true"/>
    <link:loc xlink:type="locator" xlink:href="kvk_cor.xsd#kvk_LegalSizeLarge" xlink:label="loc_5"/>
    <link:definitionArc xlink:type="arc" xlink:arcrole="http://xbrl.org/int/dim/arcrole/domain-member" xlink:from="loc_1" xlink:to="loc_5" xbrldt:usable="true"/>
  </link:definitionLink>
  <link:definitionLink xlink:type="extended" xlink:role="https://www.nltaxonomie.nl/kvk/taxonomy/2025-01-01/kvk/legal-size-criteria-classification-medium-ee">
    <link:loc xlink:type="locator" xlink:href="kvk_cor.xsd#kvk_LegalSizeCriteriaClassificationDomain" xlink:label="loc_1"/>
    <link:loc xlink:type="locator" xlink:href="kvk_cor.xsd#kvk_LegalSizeMicro" xlink:label="loc_2"/>
    <link:definitionArc xlink:type="arc" xlink:arcrole="http://xbrl.org/int/dim/arcrole/domain-member" xlink:from="loc_1" xlink:to="loc_2" xbrldt:usable="true"/>
    <link:loc xlink:type="locator" xlink:href="kvk_cor.xsd#kvk_LegalSizeSmall" xlink:label="loc_3"/>
    <link:definitionArc xlink:type="arc" xlink:arcrole="http://xbrl.org/int/dim/arcrole/domain-member" xlink:from="loc_1" xlink:to="loc_3" xbrldt:usable="true"/>
    <link:loc xlink:type="locator" xlink:href="kvk_cor.xsd#kvk_LegalSizeMedium" xlink:label="loc_4"/>
    <link:definitionArc xlink:type="arc" xlink:arcrole="http://xbrl.org/int/dim/arcrole/domain-member" xlink:from="loc_1" xlink:to="loc_4" xbrldt:usable="true"/>
  </link:definitionLink>
  <link:definitionLink xlink:type="extended" xlink:role="https://www.nltaxonomie.nl/kvk/taxonomy/2025-01-01/kvk/legal-size-criteria-classification-small-ee">
    <link:loc xlink:type="locator" xlink:href="kvk_cor.xsd#kvk_LegalSizeCriteriaClassificationDomain" xlink:label="loc_1"/>
    <link:loc xlink:type="locator" xlink:href="kvk_cor.xsd#kvk_LegalSizeMicro" xlink:label="loc_2"/>
    <link:definitionArc xlink:type="arc" xlink:arcrole="http://xbrl.org/int/dim/arcrole/domain-member" xlink:from="loc_1" xlink:to="loc_2" xbrldt:usable="true"/>
    <link:loc xlink:type="locator" xlink:href="kvk_cor.xsd#kvk_LegalSizeSmall" xlink:label="loc_3"/>
    <link:definitionArc xlink:type="arc" xlink:arcrole="http://xbrl.org/int/dim/arcrole/domain-member" xlink:from="loc_1" xlink:to="loc_3" xbrldt:usable="true"/>
  </link:definitionLink>
  <link:definitionLink xlink:type="extended" xlink:role="https://www.nltaxonomie.nl/kvk/taxonomy/2025-01-01/kvk/legal-size-criteria-classification-micro-ee">
    <link:loc xlink:type="locator" xlink:href="kvk_cor.xsd#kvk_LegalSizeCriteriaClassificationDomain" xlink:label="loc_1"/>
    <link:loc xlink:type="locator" xlink:href="kvk_cor.xsd#kvk_LegalSizeMicro" xlink:label="loc_2"/>
    <link:definitionArc xlink:type="arc" xlink:arcrole="http://xbrl.org/int/dim/arcrole/domain-member" xlink:from="loc_1" xlink:to="loc_2" xbrldt:usable="true"/>
  </link:definitionLink>
  <link:definitionLink xlink:type="extended" xlink:role="https://www.nltaxonomie.nl/kvk/taxonomy/2025-01-01/kvk/income-statement-classification-ee">
    <link:loc xlink:type="locator" xlink:href="kvk_cor.xsd#kvk_IncomeStatementClassificationDomain" xlink:label="loc_1"/>
    <link:loc xlink:type="locator" xlink:href="kvk_cor.xsd#kvk_IncomeStatementNatureOfExpense" xlink:label="loc_2"/>
    <link:definitionArc xlink:type="arc" xlink:arcrole="http://xbrl.org/int/dim/arcrole/domain-member" xlink:from="loc_1" xlink:to="loc_2" xbrldt:usable="true"/>
    <link:loc xlink:type="locator" xlink:href="kvk_cor.xsd#kvk_IncomeStatementFunctionOfExpense" xlink:label="loc_3"/>
    <link:definitionArc xlink:type="arc" xlink:arcrole="http://xbrl.org/int/dim/arcrole/domain-member" xlink:from="loc_1" xlink:to="loc_3" xbrldt:usable="true"/>
    <link:loc xlink:type="locator" xlink:href="kvk_cor.xsd#kvk_IncomeStatementNotApplicable" xlink:label="loc_4"/>
    <link:definitionArc xlink:type="arc" xlink:arcrole="http://xbrl.org/int/dim/arcrole/domain-member" xlink:from="loc_1" xlink:to="loc_4" xbrldt:usable="true"/>
  </link:definitionLink>
  <link:definitionLink xlink:type="extended" xlink:role="https://www.nltaxonomie.nl/kvk/taxonomy/2025-01-01/kvk/cash-flow-statement-method-ee">
    <link:loc xlink:type="locator" xlink:href="kvk_cor.xsd#kvk_CashFlowStatementMethodDomain" xlink:label="loc_1"/>
    <link:loc xlink:type="locator" xlink:href="kvk_cor.xsd#kvk_CashFlowStatementMethodDirect" xlink:label="loc_2"/>
    <link:definitionArc xlink:type="arc" xlink:arcrole="http://xbrl.org/int/dim/arcrole/domain-member" xlink:from="loc_1" xlink:to="loc_2" xbrldt:usable="true"/>
    <link:loc xlink:type="locator" xlink:href="kvk_cor.xsd#kvk_CashFlowStatementMethodIndirect" xlink:label="loc_3"/>
    <link:definitionArc xlink:type="arc" xlink:arcrole="http://xbrl.org/int/dim/arcrole/domain-member" xlink:from="loc_1" xlink:to="loc_3" xbrldt:usable="true"/>
    <link:loc xlink:type="locator" xlink:href="kvk_cor.xsd#kvk_CashFlowStatementMethodNotApplicable" xlink:label="loc_4"/>
    <link:definitionArc xlink:type="arc" xlink:arcrole="http://xbrl.org/int/dim/arcrole/domain-member" xlink:from="loc_1" xlink:to="loc_4" xbrldt:usable="true"/>
  </link:definitionLink>
</link:linkbase>
