<?xml version="1.0" encoding="UTF-8"?>
<link:linkbase xmlns:xsi="http://www.w3.org/2001/XMLSchema-instance" xsi:schemaLocation="http://www.xbrl.org/2006/ref http://www.xbrl.org/2006/ref-2006-02-27.xsd http://www.xbrl.org/2003/linkbase http://www.xbrl.org/2003/xbrl-linkbase-2003-12-31.xsd http://www.w3.org/1999/xlink http://www.xbrl.org/2003/xlink-2003-12-31.xsd" xmlns:link="http://www.xbrl.org/2003/linkbase" xmlns:ref="http://www.xbrl.org/2006/ref" xmlns:xlink="http://www.w3.org/1999/xlink">
  <link:referenceLink xlink:type="extended" xlink:role="http://www.xbrl.org/2003/role/link">
    <link:loc xlink:type="locator" xlink:href="kvk_cor.xsd#kvk_LegalSizeCriteriaClassificationMedium" xlink:label="kvk_LegalSizeCriteriaClassificationMedium_loc"/>
    <link:reference xlink:type="resource" xlink:label="kvk_BW2_2015-01-01_396_1_ref" xlink:role="http://www.xbrl.org/2003/role/reference" id="kvk_BW2_2015-01-01_396_1_ref">
      <ref:Article>396</ref:Article>
      <ref:IssueDate>2015-01-01</ref:IssueDate>
      <ref:Name>Burgerlijk wetboek boek 2</ref:Name>
      <ref:Paragraph>1</ref:Paragraph>
    </link:reference>
    <link:referenceArc xlink:type="arc" xlink:arcrole="http://www.xbrl.org/2003/arcrole/concept-reference" xlink:from="kvk_LegalSizeCriteriaClassificationMedium_loc" xlink:to="kvk_BW2_2015-01-01_396_1_ref"/>
    <link:reference xlink:type="resource" xlink:label="kvk_BW2_2015-01-01_397_1_ref" xlink:role="http://www.xbrl.org/2003/role/reference" id="kvk_BW2_2015-01-01_397_1_ref">
      <ref:Article>397</ref:Article>
      <ref:IssueDate>2015-01-01</ref:IssueDate>
      <ref:Name>Burgerlijk wetboek boek 2</ref:Name>
      <ref:Paragraph>1</ref:Paragraph>
    </link:reference>
    <link:referenceArc xlink:type="arc" xlink:arcrole="http://www.xbrl.org/2003/arcrole/concept-reference" xlink:from="kvk_LegalSizeCriteriaClassificationMedium_loc" xlink:to="kvk_BW2_2015-01-01_397_1_ref"/>
    <link:loc xlink:type="locator" xlink:href="kvk_cor.xsd#kvk_LegalSizeCriteriaClassificationMicro" xlink:label="kvk_LegalSizeCriteriaClassificationMicro_loc"/>
    <link:referenceArc xlink:type="arc" xlink:arcrole="http://www.xbrl.org/2003/arcrole/concept-reference" xlink:from="kvk_LegalSizeCriteriaClassificationMicro_loc" xlink:to="kvk_BW2_2015-01-01_396_1_ref"/>
    <link:referenceArc xlink:type="arc" xlink:arcrole="http://www.xbrl.org/2003/arcrole/concept-reference" xlink:from="kvk_LegalSizeCriteriaClassificationMicro_loc" xlink:to="kvk_BW2_2015-01-01_397_1_ref"/>
    <link:loc xlink:type="locator" xlink:href="kvk_cor.xsd#kvk_LegalSizeCriteriaClassificationSmall" xlink:label="kvk_LegalSizeCriteriaClassificationSmall_loc"/>
    <link:referenceArc xlink:type="arc" xlink:arcrole="http://www.xbrl.org/2003/arcrole/concept-reference" xlink:from="kvk_LegalSizeCriteriaClassificationSmall_loc" xlink:to="kvk_BW2_2015-01-01_396_1_ref"/>
    <link:referenceArc xlink:type="arc" xlink:arcrole="http://www.xbrl.org/2003/arcrole/concept-reference" xlink:from="kvk_LegalSizeCriteriaClassificationSmall_loc" xlink:to="kvk_BW2_2015-01-01_397_1_ref"/>
    <link:loc xlink:type="locator" xlink:href="kvk_cor.xsd#kvk_LegalSizeCriteriaClassification" xlink:label="kvk_LegalSizeCriteriaClassification_loc"/>
    <link:referenceArc xlink:type="arc" xlink:arcrole="http://www.xbrl.org/2003/arcrole/concept-reference" xlink:from="kvk_LegalSizeCriteriaClassification_loc" xlink:to="kvk_BW2_2015-01-01_396_1_ref"/>
    <link:referenceArc xlink:type="arc" xlink:arcrole="http://www.xbrl.org/2003/arcrole/concept-reference" xlink:from="kvk_LegalSizeCriteriaClassification_loc" xlink:to="kvk_BW2_2015-01-01_397_1_ref"/>
  </link:referenceLink>
</link:linkbase>
